"Date","Team","Opponent","Minutes","Rebounds","DefRebounds","FTDefRebounds","DefFTReboundPct","Def2ptRebounds","Def2ptReboundPct","Def3ptRebounds","Def3ptReboundPct","DefFGReboundPct","OffRebounds","FTOffRebounds","OffFTReboundPct","Off2ptRebounds","Off2ptReboundPct","Off3ptRebounds","Off3ptReboundPct","OffFGReboundPct","DefAtRimReboundPct","DefShortMidRangeReboundPct","DefLongMidRangeReboundPct","DefArc3ReboundPct","DefCorner3ReboundPct","OffAtRimReboundPct","OffShortMidRangeReboundPct","OffLongMidRangeReboundPct","OffArc3ReboundPct","OffCorner3ReboundPct"
"2014-03-02","GSW","TOR","43:12",4,3,0,0,1,0.04,2,0.16666666666666666,0.08108108108108109,1,0,0,1,0.03225806451612903,0,0,0.022222222222222223,0.125,0,0,0.09090909090909091,1,0,0,0.07692307692307693,0,0
"2014-02-28","GSW","NYK","30:18",11,9,0,0,6,0.18181818181818182,3,0.375,0.21951219512195122,2,0,0,1,0.058823529411764705,1,0.07692307692307693,0.06666666666666667,0.2,0,0.23076923076923078,0.375,0,0,0.2,0,0,0.3333333333333333
"2014-02-26","GSW","CHI","28:19",3,3,0,0,3,0.12,0,0,0.0967741935483871,0,0,0,0,0,0,0,0,0,0.14285714285714285,0.15384615384615385,0,0,0,0,0,0,0
"2014-02-24","GSW","DET","35:44",8,5,0,0,5,0.14705882352941177,0,0,0.1282051282051282,3,0,0,1,0.05555555555555555,2,0.15384615384615385,0.0967741935483871,0.23076923076923078,0,0.2,0,0,0,0.25,0,0.125,0.2
"2014-02-22","GSW","BKN","31:58",5,5,0,0,3,0.15789473684210525,2,0.16666666666666666,0.16129032258064516,0,0,0,0,0,0,0,0,0,0.08333333333333333,0.3333333333333333,0.18181818181818182,0,0,0,0,0,0
"2014-02-20","GSW","HOU","38:27",2,2,0,0,1,0.038461538461538464,1,0.07692307692307693,0.05128205128205128,0,0,0,0,0,0,0,0,0,0,0.3333333333333333,0.125,0,0,0,0,0,0
"2014-02-19","GSW","SAC","35:51",1,1,0,0,0,0,1,0.1111111111111111,0.03225806451612903,0,0,0,0,0,0,0,0,0,0,0,0.16666666666666666,0,0,0,0,0,0
"2014-02-12","GSW","MIA","39:13",5,4,1,0.3333333333333333,3,0.15789473684210525,0,0,0.0967741935483871,1,0,0,1,0.03333333333333333,0,0,0.030303030303030304,0,0.125,0.4,0,0,0,0,0.14285714285714285,0,0
"2014-02-10","GSW","PHI","27:18",5,3,0,0,2,0.07692307692307693,1,0.14285714285714285,0.09090909090909091,2,0,0,1,0.07692307692307693,1,0.09090909090909091,0.08333333333333333,0,0.15384615384615385,0,0.14285714285714285,0,0.3333333333333333,0,0,0,0.3333333333333333
"2014-02-08","GSW","PHX","41:10",2,1,0,0,1,0.045454545454545456,0,0,0.03333333333333333,1,0,0,0,0,1,0.0625,0.025,0,0.1111111111111111,0,0,0,0,0,0,0.07692307692307693,0
"2014-02-06","GSW","CHI","42:46",3,3,0,0,2,0.06896551724137931,1,0.1111111111111111,0.07894736842105263,0,0,0,0,0,0,0,0,0,0.14285714285714285,0.07142857142857142,0.125,0,0,0,0,0,0
"2014-02-04","GSW","CHA","38:13",3,2,0,0,1,0.037037037037037035,1,0.25,0.06451612903225806,1,0,0,1,0.02857142857142857,0,0,0.02040816326530612,0,0.09090909090909091,0,0.25,0,0,0,0.1,0,0
"2014-01-31","GSW","UTA","38:07",2,2,1,1,0,0,1,0.16666666666666666,0.029411764705882353,0,0,0,0,0,0,0,0,0,0,0,0,0.5,0,0,0,0,0
"2014-01-30","GSW","LAC","33:41",4,4,0,0,4,0.17391304347826086,0,0,0.11764705882352941,0,0,0,0,0,0,0,0,0.2,0.125,0.2,0,0,0,0,0,0,0
"2014-01-28","GSW","WAS","37:43",2,2,0,0,1,0.027777777777777776,1,0.1111111111111111,0.044444444444444446,0,0,0,0,0,0,0,0,0,0,0.06666666666666667,0.16666666666666666,0,0,0,0,0,0
"2014-01-26","GSW","POR","34:39",7,6,0,0,3,0.10344827586206896,3,0.3,0.15384615384615385,1,0,0,1,0.04,0,0,0.02702702702702703,0.16666666666666666,0.06666666666666667,0.125,0.2857142857142857,0.3333333333333333,0,0.08333333333333333,0,0,0
"2014-01-24","GSW","MIN","36:53",3,2,0,0,2,0.07407407407407407,0,0,0.05714285714285714,1,0,0,1,0.058823529411764705,0,0,0.037037037037037035,0.18181818181818182,0,0,0,0,0.16666666666666666,0,0,0,0
"2014-01-20","GSW","IND","41:28",3,3,0,0,2,0.05555555555555555,1,0.16666666666666666,0.07142857142857142,0,0,0,0,0,0,0,0,0.3333333333333333,0,0,0.2,0,0,0,0,0,0
"2014-01-18","GSW","NOP","37:49",6,5,0,0,4,0.11428571428571428,1,0.14285714285714285,0.11904761904761904,1,0,0,1,0.041666666666666664,0,0,0.027777777777777776,0.1111111111111111,0.125,0.1,0.16666666666666666,0,0,0.14285714285714285,0,0,0
"2014-01-17","GSW","OKC","37:57",3,1,0,0,1,0.058823529411764705,0,0,0.038461538461538464,2,0,0,1,0.043478260869565216,1,0.09090909090909091,0.058823529411764705,0,0.1,0,0,0,0.125,0,0,0.125,0
"2014-01-15","GSW","DEN","39:41",5,5,0,0,5,0.20833333333333334,0,0,0.14705882352941177,0,0,0,0,0,0,0,0,0.2857142857142857,0.125,0.2222222222222222,0,0,0,0,0,0,0
"2014-01-10","GSW","BOS","40:08",7,6,0,0,5,0.1724137931034483,1,0.1111111111111111,0.15789473684210525,1,0,0,1,0.029411764705882353,0,0,0.02127659574468085,0,0.21428571428571427,0.18181818181818182,0.2,0,0,0.09090909090909091,0,0,0
"2014-01-08","GSW","BKN","45:28",5,5,0,0,3,0.10344827586206896,2,0.15384615384615385,0.11904761904761904,0,0,0,0,0,0,0,0,0.2857142857142857,0,0.09090909090909091,0.25,0,0,0,0,0,0
"2014-01-07","GSW","MIL","36:14",0,0,0,0,0,0,0,0,0,0,0,0,0,0,0,0,0,0,0,0,0,0,0,0,0,0,0
"2014-01-05","GSW","WAS","37:38",3,2,0,0,1,0.03225806451612903,1,0.1,0.04878048780487805,1,0,0,1,0.045454545454545456,0,0,0.034482758620689655,0,0,0.07142857142857142,0,0.5,0.1111111111111111,0,0,0,0
"2014-01-03","GSW","ATL","34:39",8,8,0,0,5,0.3125,3,0.16666666666666666,0.23529411764705882,0,0,0,0,0,0,0,0,0.3333333333333333,0.2222222222222222,0.5,0.1875,0,0,0,0,0,0
"2014-01-02","GSW","MIA","43:44",2,2,0,0,1,0.037037037037037035,1,0.1111111111111111,0.05555555555555555,0,0,0,0,0,0,0,0,0,0,0.14285714285714285,0.16666666666666666,0,0,0,0,0,0
"2013-12-31","GSW","ORL","29:35",5,5,0,0,5,0.19230769230769232,0,0,0.14285714285714285,0,0,0,0,0,0,0,0,0.6,0,0.15384615384615385,0,0,0,0,0,0,0
"2013-12-29","GSW","CLE","48:12",9,9,0,0,7,0.16279069767441862,2,0.4,0.1875,0,0,0,0,0,0,0,0,0.125,0.13333333333333333,0.25,0.4,0,0,0,0,0,0
"2013-12-27","GSW","PHX","33:34",13,10,0,0,6,0.20689655172413793,4,0.2857142857142857,0.23255813953488372,3,0,0,2,0.11764705882352941,1,0.125,0.12,0.3,0.2,0,0.25,0.5,0.125,0.16666666666666666,0,0.14285714285714285,0
"2013-12-25","GSW","LAC","42:29",6,5,0,0,3,0.1111111111111111,2,0.2,0.13513513513513514,1,0,0,0,0,1,0.08333333333333333,0.020833333333333332,0.5,0.06666666666666667,0.1,0.16666666666666666,0.25,0,0,0,0.09090909090909091,0
"2013-12-23","GSW","DEN","35:14",3,3,0,0,2,0.06896551724137931,1,0.16666666666666666,0.08571428571428572,0,0,0,0,0,0,0,0,0.1111111111111111,0,0.07142857142857142,0.2,0,0,0,0,0,0
"2013-12-21","GSW","LAL","32:46",6,5,0,0,3,0.0967741935483871,2,0.16666666666666666,0.11627906976744186,1,0,0,0,0,1,0.07692307692307693,0.024390243902439025,0,0,0.3333333333333333,0.18181818181818182,0,0,0,0,0.125,0
"2013-12-19","GSW","SAS","40:23",2,2,0,0,1,0.034482758620689655,1,0.09090909090909091,0.05,0,0,0,0,0,0,0,0,0,0,0.0625,0,0.3333333333333333,0,0,0,0,0
"2013-12-17","GSW","NOP","32:40",4,3,0,0,3,0.0967741935483871,0,0,0.07894736842105263,1,0,0,0,0,1,0.08333333333333333,0.034482758620689655,0.18181818181818182,0,0.07142857142857142,0,0,0,0,0,0,0.3333333333333333
"2013-12-15","GSW","PHX","42:21",6,6,0,0,4,0.14285714285714285,2,0.2,0.15789473684210525,0,0,0,0,0,0,0,0,0.14285714285714285,0.1,0.18181818181818182,0.25,0,0,0,0,0,0
"2013-12-13","GSW","HOU","39:08",2,2,0,0,0,0,2,0.13333333333333333,0.05714285714285714,0,0,0,0,0,0,0,0,0,0,0,0.16666666666666666,0,0,0,0,0,0
"2013-12-11","GSW","DAL","43:56",4,4,0,0,3,0.10344827586206896,1,0.08333333333333333,0.0975609756097561,0,0,0,0,0,0,0,0,0.125,0.18181818181818182,0,0.09090909090909091,0,0,0,0,0,0
"2013-12-09","GSW","CHA","45:40",6,5,0,0,5,0.1111111111111111,0,0,0.09803921568627451,1,0,0,1,0.043478260869565216,0,0,0.02127659574468085,0.25,0.15384615384615385,0,0,0,0,0,0.125,0,0
"2013-12-07","GSW","MEM","45:21",6,5,0,0,5,0.11904761904761904,0,0,0.10416666666666667,1,0,0,1,0.030303030303030304,0,0,0.024390243902439025,0,0.18181818181818182,0.16666666666666666,0,0,0.09090909090909091,0,0,0,0
"2013-12-06","GSW","HOU","32:28",1,1,0,0,0,0,1,0.08333333333333333,0.034482758620689655,0,0,0,0,0,0,0,0,0,0,0,0.09090909090909091,0,0,0,0,0,0
"2013-12-03","GSW","TOR","43:25",3,3,0,0,3,0.13636363636363635,0,0,0.08823529411764706,0,0,0,0,0,0,0,0,0,0,0.25,0,0,0,0,0,0,0
"2013-12-01","GSW","SAC","40:10",2,2,0,0,0,0,2,0.25,0.0625,0,0,0,0,0,0,0,0,0,0,0,0.3333333333333333,0,0,0,0,0,0
"2013-11-29","GSW","OKC","44:43",11,9,0,0,7,0.20588235294117646,2,0.2,0.20454545454545456,2,0,0,2,0.0625,0,0,0.044444444444444446,0.16666666666666666,0.25,0.2,0.125,0.5,0.08333333333333333,0.07692307692307693,0,0,0
"2013-11-27","GSW","DAL","42:24",4,4,0,0,3,0.08333333333333333,1,0.09090909090909091,0.0851063829787234,0,0,0,0,0,0,0,0,0.1,0.125,0.05555555555555555,0.14285714285714285,0,0,0,0,0,0
"2013-11-26","GSW","NOP","42:05",8,7,0,0,6,0.2,1,0.125,0.18421052631578946,1,0,0,1,0.03333333333333333,0,0,0.02631578947368421,0.2,0.1111111111111111,0.25,0.16666666666666666,0,0.09090909090909091,0,0,0,0
"2013-11-23","GSW","POR","37:10",3,3,0,0,3,0.10344827586206896,0,0,0.08108108108108109,0,0,0,0,0,0,0,0,0.3333333333333333,0,0.08333333333333333,0,0,0,0,0,0,0
"2013-11-18","GSW","UTA","33:15",6,4,0,0,3,0.10714285714285714,1,0.3333333333333333,0.12903225806451613,2,0,0,1,0.047619047619047616,1,0.1111111111111111,0.06666666666666667,0,0.1111111111111111,0.15384615384615385,0.3333333333333333,0,0.08333333333333333,0,0,0.125,0
"2013-11-16","GSW","UTA","38:30",3,3,0,0,3,0.12,0,0,0.0967741935483871,0,0,0,0,0,0,0,0,0.25,0.2,0,0,0,0,0,0,0,0
"2013-11-14","GSW","OKC","43:06",5,5,0,0,2,0.08695652173913043,3,0.25,0.14285714285714285,0,0,0,0,0,0,0,0,0,0.2222222222222222,0,0.2727272727272727,0,0,0,0,0,0
"2013-11-12","GSW","DET","29:00",2,1,0,0,1,0.043478260869565216,0,0,0.03333333333333333,1,0,0,1,0.09090909090909091,0,0,0.0625,0,0,0.1111111111111111,0,0,0,0.25,0,0,0
"2013-11-09","GSW","MEM","34:22",2,1,0,0,1,0.043478260869565216,0,0,0.03571428571428571,1,0,0,1,0.05555555555555555,0,0,0.030303030303030304,0,0,0.09090909090909091,0,0,0,0.2,0,0,0
"2013-11-06","GSW","MIN","24:11",1,1,0,0,1,0.04,0,0,0.03571428571428571,0,0,0,0,0,0,0,0,0,0.16666666666666666,0,0,0,0,0,0,0,0
"2013-11-04","GSW","PHI","29:13",10,7,0,0,4,0.2,3,0.23076923076923078,0.21212121212121213,3,0,0,3,0.17647058823529413,0,0,0.10344827586206896,0.1111111111111111,0.42857142857142855,0,0.1,0.6666666666666666,0,1,0.14285714285714285,0,0
"2013-11-02","GSW","SAC","32:30",1,1,0,0,0,0,1,0.07692307692307693,0.025,0,0,0,0,0,0,0,0,0,0,0,0.1,0,0,0,0,0,0
"2013-10-31","GSW","LAC","38:29",3,3,0,0,2,0.1111111111111111,1,0.0625,0.08823529411764706,0,0,0,0,0,0,0,0,0.09090909090909091,0,0.25,0.07692307692307693,0,0,0,0,0,0
"2013-10-30","GSW","LAL","23:56",4,4,0,0,4,0.16,0,0,0.13793103448275862,0,0,0,0,0,0,0,0,0.14285714285714285,0.25,0.1,0,0,0,0,0,0,0
"2015-04-15","GSW","DEN","19:20",4,2,0,0,2,0.16666666666666666,0,0,0.10526315789473684,2,0,0,1,0.1,1,0.14285714285714285,0.11764705882352941,0,0.3333333333333333,0,0,0,0,0.3333333333333333,0,0,1
"2015-04-13","GSW","MEM","29:17",4,4,0,0,3,0.08823529411764706,1,0.2,0.10256410256410256,0,0,0,0,0,0,0,0,0,0.14285714285714285,0.09090909090909091,0.3333333333333333,0,0,0,0,0,0
"2015-04-11","GSW","MIN","35:26",4,4,0,0,2,0.08,2,0.2222222222222222,0.11764705882352941,0,0,0,0,0,0,0,0,0,0,0.18181818181818182,0.25,0,0,0,0,0,0
"2015-04-09","GSW","POR","35:13",2,1,0,0,0,0,1,0.07142857142857142,0.02564102564102564,1,0,0,1,0.07692307692307693,0,0,0.041666666666666664,0,0,0,0.09090909090909091,0,0.16666666666666666,0,0,0,0
"2015-04-07","GSW","NOP","34:46",6,5,0,0,5,0.1724137931034483,0,0,0.15151515151515152,1,0,0,0,0,1,0.14285714285714285,0.029411764705882353,0.3333333333333333,0,0.09090909090909091,0,0,0,0,0,0,0.3333333333333333
"2015-04-05","GSW","SAS","30:03",4,4,0,0,3,0.2,1,0.25,0.21052631578947367,0,0,0,0,0,0,0,0,0.5,0.2222222222222222,0,0.3333333333333333,0,0,0,0,0,0
"2015-04-04","GSW","DAL","27:28",4,2,1,0.25,0,0,1,0.16666666666666666,0.034482758620689655,2,0,0,0,0,2,0.15384615384615385,0.0625,0,0,0,0.25,0,0,0,0,0.2,0
"2015-04-02","GSW","PHX","33:32",8,7,0,0,5,0.20833333333333334,2,0.4,0.2413793103448276,1,0,0,0,0,1,0.07692307692307693,0.02702702702702703,0,0.125,0.5714285714285714,0.5,0,0,0,0,0.09090909090909091,0
"2015-03-31","GSW","LAC","36:11",1,0,0,0,0,0,0,0,0,1,0,0,1,0.041666666666666664,0,0,0.03333333333333333,0,0,0,0,0,0.09090909090909091,0,0,0,0
"2015-03-28","GSW","MIL","30:24",4,4,0,0,2,0.08,2,0.25,0.12121212121212122,0,0,0,0,0,0,0,0,0,0.1111111111111111,0.16666666666666666,0.16666666666666666,0.5,0,0,0,0,0
"2015-03-27","GSW","MEM","34:14",3,2,0,0,2,0.08695652173913043,0,0,0.07407407407407407,1,0,0,1,0.05263157894736842,0,0,0.03333333333333333,0,0.1,0.1,0,0,0,0.2,0,0,0
"2015-03-24","GSW","POR","35:26",2,2,0,0,1,0.037037037037037035,1,0.09090909090909091,0.05263157894736842,0,0,0,0,0,0,0,0,0,0,0.1111111111111111,0.125,0,0,0,0,0,0
"2015-03-23","GSW","WAS","28:16",5,4,0,0,3,0.10714285714285714,1,0.25,0.125,1,0,0,0,0,1,0.07142857142857142,0.03125,0.16666666666666666,0,0.14285714285714285,0.25,0,0,0,0,0.09090909090909091,0
"2015-03-21","GSW","UTA","32:14",3,2,0,0,1,0.05,1,0.1111111111111111,0.06896551724137931,1,0,0,1,0.05263157894736842,0,0,0.04,0,0.09090909090909091,0,0.1111111111111111,0,0,0.09090909090909091,0,0,0
"2015-03-20","GSW","NOP","27:02",2,2,0,0,1,0.047619047619047616,1,0.2,0.07692307692307693,0,0,0,0,0,0,0,0,0,0,0.1,0.25,0,0,0,0,0,0
"2015-03-18","GSW","ATL","29:41",4,3,0,0,3,0.10344827586206896,0,0,0.07894736842105263,1,0,0,0,0,1,0.07692307692307693,0.038461538461538464,0.3333333333333333,0,0,0,0,0,0,0,0.1,0
"2015-03-16","GSW","LAL","32:40",4,4,0,0,4,0.16666666666666666,0,0,0.14814814814814814,0,0,0,0,0,0,0,0,0,0.14285714285714285,0.21428571428571427,0,0,0,0,0,0,0
"2015-03-14","GSW","NYK","26:56",3,3,0,0,1,0.05,2,0.2,0.1,0,0,0,0,0,0,0,0,0.125,0,0,0.2857142857142857,0,0,0,0,0,0
"2015-03-11","GSW","DET","33:57",5,4,0,0,3,0.09090909090909091,1,0.14285714285714285,0.1,1,0,0,1,0.05555555555555555,0,0,0.03333333333333333,0.09090909090909091,0.07692307692307693,0.1111111111111111,0.14285714285714285,0,0.16666666666666666,0,0,0,0
"2015-03-09","GSW","PHX","35:46",6,3,0,0,3,0.10714285714285714,0,0,0.08823529411764706,3,0,0,2,0.09090909090909091,1,0.07142857142857142,0.08333333333333333,0.2,0.0625,0.14285714285714285,0,0,0,0,0.2222222222222222,0.09090909090909091,0
"2015-03-08","GSW","LAC","31:58",1,1,0,0,0,0,1,0.08333333333333333,0.03571428571428571,0,0,0,0,0,0,0,0,0,0,0,0,0.3333333333333333,0,0,0,0,0
"2015-03-06","GSW","DAL","30:53",2,2,0,0,2,0.06666666666666667,0,0,0.05714285714285714,0,0,0,0,0,0,0,0,0,0,0.18181818181818182,0,0,0,0,0,0,0
"2015-03-04","GSW","MIL","36:35",1,1,0,0,0,0,1,0.125,0.027777777777777776,0,0,0,0,0,0,0,0,0,0,0,0.14285714285714285,0,0,0,0,0,0
"2015-03-02","GSW","BKN","29:16",2,2,0,0,1,0.05555555555555555,1,0.14285714285714285,0.08,0,0,0,0,0,0,0,0,0,0,0.16666666666666666,0.2,0,0,0,0,0,0
"2015-03-01","GSW","BOS","37:38",4,4,0,0,2,0.05128205128205128,2,0.14285714285714285,0.07547169811320754,0,0,0,0,0,0,0,0,0.058823529411764705,0,0.058823529411764705,0.16666666666666666,0,0,0,0,0,0
"2015-02-27","GSW","TOR","25:01",6,3,0,0,0,0,3,0.375,0.10344827586206896,3,0,0,1,0.06666666666666667,2,0.2857142857142857,0.13636363636363635,0,0,0,0.6,0,0,0,0.2,0.2,0.5
"2015-02-26","GSW","CLE","33:50",3,3,0,0,2,0.1111111111111111,1,0.08333333333333333,0.1,0,0,0,0,0,0,0,0,0,0.25,0,0.1111111111111111,0,0,0,0,0,0
"2015-02-24","GSW","WAS","33:50",0,0,0,0,0,0,0,0,0,0,0,0,0,0,0,0,0,0,0,0,0,0,0,0,0,0,0
"2015-02-20","GSW","SAS","31:53",4,4,0,0,2,0.1,2,0.2222222222222222,0.13793103448275862,0,0,0,0,0,0,0,0,0.3333333333333333,0,0,0.2,0.25,0,0,0,0,0
"2015-02-11","GSW","MIN","35:30",5,3,0,0,3,0.08823529411764706,0,0,0.07692307692307693,2,0,0,1,0.043478260869565216,1,0.05555555555555555,0.04878048780487805,0.14285714285714285,0.2222222222222222,0,0,0,0,0.125,0,0.07692307692307693,0
"2015-02-09","GSW","PHI","31:46",5,5,0,0,4,0.19047619047619047,1,0.1111111111111111,0.16666666666666666,0,0,0,0,0,0,0,0,0,0,0.6666666666666666,0.14285714285714285,0,0,0,0,0,0
"2015-02-07","GSW","NYK","31:19",6,4,0,0,4,0.14285714285714285,0,0,0.11764705882352941,2,0,0,1,0.05263157894736842,1,0.1111111111111111,0.07142857142857142,0.1,0,0.3,0,0,0,0,0.14285714285714285,0,0.25
"2015-02-06","GSW","ATL","36:12",2,2,0,0,2,0.09523809523809523,0,0,0.06666666666666667,0,0,0,0,0,0,0,0,0,0.1111111111111111,0.16666666666666666,0,0,0,0,0,0,0
"2015-02-04","GSW","DAL","36:57",4,4,0,0,3,0.13043478260869565,1,0.07142857142857142,0.10810810810810811,0,0,0,0,0,0,0,0,0.14285714285714285,0.2,0,0.07142857142857142,0,0,0,0,0,0
"2015-02-03","GSW","SAC","28:35",5,5,0,0,5,0.23809523809523808,0,0,0.18518518518518517,0,0,0,0,0,0,0,0,0,0.3333333333333333,0.36363636363636365,0,0,0,0,0,0,0
"2015-01-31","GSW","PHX","37:28",4,3,0,0,3,0.09090909090909091,0,0,0.07142857142857142,1,0,0,1,0.045454545454545456,0,0,0.02857142857142857,0,0.15384615384615385,0.0625,0,0,0,0.16666666666666666,0,0,0
"2015-01-30","GSW","UTA","33:59",7,6,0,0,5,0.20833333333333334,1,0.1111111111111111,0.18181818181818182,1,0,0,0,0,1,0.06666666666666667,0.027777777777777776,0.09090909090909091,0.2,0.375,0.14285714285714285,0,0,0,0,0,0.5
"2015-01-27","GSW","CHI","42:58",4,4,0,0,1,0.03225806451612903,3,0.1875,0.0851063829787234,0,0,0,0,0,0,0,0,0,0.07142857142857142,0,0.15384615384615385,0.3333333333333333,0,0,0,0,0
"2015-01-25","GSW","BOS","33:03",4,4,0,0,4,0.2,0,0,0.12121212121212122,0,0,0,0,0,0,0,0,0,0,0.36363636363636365,0,0,0,0,0,0,0
"2015-01-23","GSW","SAC","29:03",4,3,0,0,1,0.045454545454545456,2,0.25,0.1,1,0,0,1,0.1,0,0,0.04,0.1,0,0,0,0.6666666666666666,0,0,0.16666666666666666,0,0
"2015-01-21","GSW","HOU","33:39",3,1,0,0,1,0.047619047619047616,0,0,0.030303030303030304,2,0,0,1,0.05555555555555555,1,0.08333333333333333,0.06666666666666667,0,0.16666666666666666,0,0,0,0,0.2,0,0,0.3333333333333333
"2015-01-19","GSW","DEN","25:14",1,0,0,0,0,0,0,0,0,1,0,0,1,0.07142857142857142,0,0,0.043478260869565216,0,0,0,0,0,0,0,0.25,0,0
"2015-01-17","GSW","HOU","33:00",7,4,0,0,3,0.10714285714285714,1,0.08333333333333333,0.1,3,0,0,3,0.17647058823529413,0,0,0.1,0.1,0.07692307692307693,0.2,0.125,0,0.1111111111111111,0.3333333333333333,0.2,0,0
"2015-01-16","GSW","OKC","31:12",3,3,0,0,2,0.11764705882352941,1,0.125,0.12,0,0,0,0,0,0,0,0,0.2,0.14285714285714285,0,0.14285714285714285,0,0,0,0,0,0
"2015-01-14","GSW","MIA","32:06",5,3,0,0,2,0.1,1,0.125,0.10714285714285714,2,0,0,1,0.058823529411764705,1,0.07692307692307693,0.06666666666666667,0.2,0.07692307692307693,0,0,0.3333333333333333,0,0.3333333333333333,0,0.07692307692307693,0
"2015-01-13","GSW","UTA","29:13",2,2,0,0,2,0.13333333333333333,0,0,0.08,0,0,0,0,0,0,0,0,0,0.25,0.2,0,0,0,0,0,0,0
"2015-01-09","GSW","CLE","35:00",1,1,0,0,0,0,1,0.09090909090909091,0.02857142857142857,0,0,0,0,0,0,0,0,0,0,0,0.14285714285714285,0,0,0,0,0,0
"2015-01-07","GSW","IND","34:47",3,3,0,0,1,0.06666666666666667,2,0.14285714285714285,0.10344827586206896,0,0,0,0,0,0,0,0,0,0,0.2,0.2,0,0,0,0,0,0
"2015-01-05","GSW","OKC","31:17",9,9,0,0,6,0.1935483870967742,3,0.25,0.20930232558139536,0,0,0,0,0,0,0,0,0.16666666666666666,0.08333333333333333,0.42857142857142855,0.2,0.5,0,0,0,0,0
"2015-01-02","GSW","TOR","33:56",5,3,0,0,2,0.10526315789473684,1,0.1111111111111111,0.10714285714285714,2,0,0,2,0.1111111111111111,0,0,0.06666666666666667,0,0.16666666666666666,0.125,0.14285714285714285,0,0.25,0,0,0,0
"2014-12-30","GSW","PHI","26:43",3,3,0,0,3,0.13043478260869565,0,0,0.10714285714285714,0,0,0,0,0,0,0,0,0,0.2857142857142857,0.14285714285714285,0,0,0,0,0,0,0
"2014-12-27","GSW","MIN","30:32",3,2,0,0,1,0.047619047619047616,1,0.14285714285714285,0.07142857142857142,1,0,0,0,0,1,0.08333333333333333,0.03333333333333333,0,0,0.125,0.16666666666666666,0,0,0,0,0.08333333333333333,0
"2014-12-25","GSW","LAC","35:59",9,7,0,0,3,0.13043478260869565,4,0.23529411764705882,0.175,2,0,0,0,0,2,0.1,0.05263157894736842,0.3333333333333333,0.09090909090909091,0.1111111111111111,0.15384615384615385,0.5,0,0,0,0.13333333333333333,0
"2014-12-23","GSW","LAL","29:58",2,2,0,0,2,0.16666666666666666,0,0,0.11764705882352941,0,0,0,0,0,0,0,0,0,0,0.2857142857142857,0,0,0,0,0,0,0
"2014-12-22","GSW","SAC","26:18",2,2,0,0,2,0.08,0,0,0.06896551724137931,0,0,0,0,0,0,0,0,0,0.14285714285714285,0.09090909090909091,0,0,0,0,0,0,0
"2014-12-18","GSW","OKC","41:31",7,3,0,0,1,0.038461538461538464,2,0.18181818181818182,0.08108108108108109,4,0,0,1,0.041666666666666664,3,0.17647058823529413,0.0975609756097561,0,0,0.25,0.2,0,0.125,0,0,0.15384615384615385,0.25
"2014-12-16","GSW","MEM","38:57",7,7,0,0,5,0.1282051282051282,2,0.3333333333333333,0.15555555555555556,0,0,0,0,0,0,0,0,0,0.2727272727272727,0.18181818181818182,0.4,0,0,0,0,0,0
"2014-12-14","GSW","NOP","39:55",7,7,0,0,4,0.14285714285714285,3,0.21428571428571427,0.16666666666666666,0,0,0,0,0,0,0,0,0,0.6,0.14285714285714285,0.3,0,0,0,0,0,0
"2014-12-13","GSW","DAL","37:11",3,3,0,0,2,0.08,1,0.09090909090909091,0.08333333333333333,0,0,0,0,0,0,0,0,0.2,0,0,0.1,0,0,0,0,0,0
"2014-12-10","GSW","HOU","37:28",7,6,0,0,5,0.25,1,0.047619047619047616,0.14634146341463414,1,0,0,0,0,1,0.07142857142857142,0.034482758620689655,0.3333333333333333,0.25,0.16666666666666666,0.0625,0,0,0,0,0.125,0
"2014-12-08","GSW","MIN","31:20",4,3,0,0,2,0.06666666666666667,1,0.14285714285714285,0.08108108108108109,1,0,0,0,0,1,0.06666666666666667,0.030303030303030304,0.125,0,0.06666666666666667,0.25,0,0,0,0,0,0.5
"2014-12-06","GSW","CHI","36:11",6,5,0,0,3,0.125,2,0.2,0.14705882352941177,1,1,0.5,0,0,0,0,0,0,0,0.25,0.2222222222222222,0,0,0,0,0,0
"2014-12-04","GSW","NOP","30:37",3,3,0,0,1,0.045454545454545456,2,0.2857142857142857,0.10344827586206896,0,0,0,0,0,0,0,0,0.09090909090909091,0,0,0.16666666666666666,1,0,0,0,0,0
"2014-12-02","GSW","ORL","36:28",4,3,0,0,2,0.07142857142857142,1,0.16666666666666666,0.08823529411764706,1,0,0,0,0,1,0.06666666666666667,0.027777777777777776,0,0.18181818181818182,0,0,0.3333333333333333,0,0,0,0.1,0
"2014-11-30","GSW","DET","28:22",3,2,0,0,2,0.06451612903225806,0,0,0.05405405405405406,1,0,0,1,0.05555555555555555,0,0,0.041666666666666664,0.07692307692307693,0.0625,0,0,0,0,0,0.25,0,0
"2014-11-28","GSW","CHA","32:20",4,3,0,0,1,0.043478260869565216,2,0.2222222222222222,0.09375,1,0,0,0,0,1,0.06666666666666667,0.02702702702702703,0,0,0.14285714285714285,0.125,1,0,0,0,0.07692307692307693,0
"2014-11-26","GSW","ORL","23:38",5,4,0,0,3,0.15,1,0.16666666666666666,0.15384615384615385,1,0,0,1,0.07692307692307693,0,0,0.045454545454545456,0,0,0.42857142857142855,0,0.3333333333333333,0,0.16666666666666666,0,0,0
"2014-11-25","GSW","MIA","37:05",6,6,0,0,6,0.21428571428571427,0,0,0.15789473684210525,0,0,0,0,0,0,0,0,0.2,0.2,0.23076923076923078,0,0,0,0,0,0,0
"2014-11-23","GSW","OKC","38:07",6,6,0,0,6,0.17647058823529413,0,0,0.13953488372093023,0,0,0,0,0,0,0,0,0.3,0.18181818181818182,0.07692307692307693,0,0,0,0,0,0,0
"2014-11-21","GSW","UTA","24:30",5,5,0,0,5,0.19230769230769232,0,0,0.16666666666666666,0,0,0,0,0,0,0,0,0,0.125,0.4444444444444444,0,0,0,0,0,0,0
"2014-11-16","GSW","LAL","29:56",4,4,0,0,1,0.03225806451612903,3,0.25,0.09302325581395349,0,0,0,0,0,0,0,0,0,0,0.0625,0.2727272727272727,0,0,0,0,0,0
"2014-11-15","GSW","CHA","28:18",5,3,1,0.3333333333333333,1,0.04,1,0.2,0.06666666666666667,2,0,0,1,0.07142857142857142,1,0.1,0.08333333333333333,0,0,0.07692307692307693,0.3333333333333333,0,0,0.16666666666666666,0,0.1,0
"2014-11-13","GSW","BKN","31:56",3,2,0,0,2,0.07692307692307693,0,0,0.058823529411764705,1,0,0,0,0,1,0.0625,0.029411764705882353,0.18181818181818182,0,0,0,0,0,0,0,0.09090909090909091,0
"2014-11-11","GSW","SAS","35:46",6,6,0,0,4,0.19047619047619047,2,0.2,0.1935483870967742,0,0,0,0,0,0,0,0,0.5,0.125,0.18181818181818182,0.125,0.5,0,0,0,0,0
"2014-11-09","GSW","PHX","34:04",2,2,0,0,0,0,2,0.16666666666666666,0.0625,0,0,0,0,0,0,0,0,0,0,0,0.14285714285714285,0.2,0,0,0,0,0
"2014-11-08","GSW","HOU","39:58",9,8,0,0,1,0.047619047619047616,7,0.2413793103448276,0.16,1,0,0,1,0.045454545454545456,0,0,0.02631578947368421,0,0,0.3333333333333333,0.19230769230769232,0.6666666666666666,0,0.125,0,0,0
"2014-11-05","GSW","LAC","33:49",6,6,0,0,5,0.17857142857142858,1,0.16666666666666666,0.17647058823529413,0,0,0,0,0,0,0,0,0.4,0.08333333333333333,0.18181818181818182,0.16666666666666666,0,0,0,0,0,0
"2014-11-02","GSW","POR","30:49",5,4,0,0,1,0.038461538461538464,3,0.25,0.10526315789473684,1,0,0,0,0,1,0.1,0.03333333333333333,0,0,0.08333333333333333,0.3,0,0,0,0,0.14285714285714285,0
"2014-11-01","GSW","LAL","34:06",5,5,0,0,5,0.17857142857142858,0,0,0.14705882352941177,0,0,0,0,0,0,0,0,0,0.09090909090909091,0.3076923076923077,0,0,0,0,0,0,0
"2014-10-29","GSW","SAC","36:33",10,9,1,0.25,7,0.2692307692307692,1,0.09090909090909091,0.21621621621621623,1,0,0,0,0,1,0.05263157894736842,0.02857142857142857,0.14285714285714285,0.375,0.2727272727272727,0.125,0,0,0,0,0.06666666666666667,0
"2016-04-13","GSW","MEM","29:47",4,3,0,0,2,0.08333333333333333,1,0.1,0.08823529411764706,1,0,0,0,0,1,0.05555555555555555,0.045454545454545456,0,0,0.2857142857142857,0.14285714285714285,0,0,0,0,0.058823529411764705,0
"2016-04-10","GSW","SAS","35:22",5,5,0,0,4,0.12903225806451613,1,0.07692307692307693,0.11363636363636363,0,0,0,0,0,0,0,0,0,0.3,0.07692307692307693,0.1111111111111111,0,0,0,0,0,0
"2016-04-09","GSW","MEM","33:59",9,9,0,0,6,0.2222222222222222,3,0.21428571428571427,0.21951219512195122,0,0,0,0,0,0,0,0,0.2222222222222222,0.2727272727272727,0.14285714285714285,0.16666666666666666,0.5,0,0,0,0,0
"2016-04-07","GSW","SAS","36:17",5,5,0,0,3,0.12,2,0.2857142857142857,0.15625,0,0,0,0,0,0,0,0,0.125,0.1111111111111111,0.125,0.2857142857142857,0,0,0,0,0,0
"2016-04-05","GSW","MIN","42:35",6,4,0,0,3,0.1111111111111111,1,0.14285714285714285,0.11764705882352941,2,0,0,1,0.05555555555555555,1,0.05,0.05263157894736842,0.21428571428571427,0,0,0.2,0,0.08333333333333333,0,0,0,0.3333333333333333
"2016-04-03","GSW","POR","34:36",6,4,0,0,3,0.13043478260869565,1,0.1111111111111111,0.125,2,0,0,2,0.1,0,0,0.06896551724137931,0,0.1111111111111111,0.2857142857142857,0.125,0,0,0.3333333333333333,0.16666666666666666,0,0
"2016-04-01","GSW","BOS","36:37",5,5,1,0.25,3,0.14285714285714285,1,0.09090909090909091,0.125,0,0,0,0,0,0,0,0,0,0.07692307692307693,0.4,0.1111111111111111,0,0,0,0,0,0
"2016-03-30","GSW","UTA","42:16",7,5,1,0.2,3,0.10714285714285714,1,0.06666666666666667,0.09302325581395349,2,0,0,1,0.05,1,0.05,0.05,0.1111111111111111,0.06666666666666667,0.25,0.08333333333333333,0,0,0,0.2,0.058823529411764705,0
"2016-03-29","GSW","WAS","34:42",7,7,0,0,5,0.20833333333333334,2,0.14285714285714285,0.18421052631578946,0,0,0,0,0,0,0,0,0,0.3333333333333333,0.2727272727272727,0.16666666666666666,0,0,0,0,0,0
"2016-03-27","GSW","PHI","33:12",3,3,0,0,1,0.047619047619047616,2,0.16666666666666666,0.09090909090909091,0,0,0,0,0,0,0,0,0,0,0.16666666666666666,0.18181818181818182,0,0,0,0,0,0
"2016-03-25","GSW","DAL","35:11",8,8,0,0,4,0.16,4,0.3333333333333333,0.21621621621621623,0,0,0,0,0,0,0,0,0.25,0.07142857142857142,0.2857142857142857,0.4,0,0,0,0,0,0
"2016-03-23","GSW","LAC","37:26",4,4,0,0,2,0.09090909090909091,2,0.125,0.10526315789473684,0,0,0,0,0,0,0,0,0,0,0.18181818181818182,0.09090909090909091,0.2,0,0,0,0,0
"2016-03-21","GSW","MIN","34:50",7,4,0,0,2,0.11764705882352941,2,0.25,0.16,3,0,0,1,0.045454545454545456,2,0.16666666666666666,0.08823529411764706,0,0.14285714285714285,0.1111111111111111,0.25,0,0.1111111111111111,0,0,0.1,0.5
"2016-03-19","GSW","SAS","37:36",6,4,0,0,2,0.08333333333333333,2,0.2222222222222222,0.12121212121212122,2,0,0,1,0.0625,1,0.045454545454545456,0.05263157894736842,0,0.5,0,0.3333333333333333,0,0,0,0.2,0.058823529411764705,0
"2016-03-18","GSW","DAL","34:19",9,8,0,0,6,0.3,2,0.15384615384615385,0.24242424242424243,1,0,0,1,0.043478260869565216,0,0,0.029411764705882353,0,0.3333333333333333,0.375,0.2,0,0.08333333333333333,0,0,0,0
"2016-03-16","GSW","NYK","28:22",6,6,0,0,4,0.15384615384615385,2,0.2857142857142857,0.18181818181818182,0,0,0,0,0,0,0,0,0.3333333333333333,0.1,0.15384615384615385,0.4,0,0,0,0,0,0
"2016-03-14","GSW","NOP","31:18",5,4,0,0,2,0.06896551724137931,2,0.13333333333333333,0.09090909090909091,1,0,0,1,0.07142857142857142,0,0,0.041666666666666664,0,0.11764705882352941,0,0.1,0.2,0.14285714285714285,0,0,0,0
"2016-03-12","GSW","PHX","34:59",3,2,0,0,2,0.08695652173913043,0,0,0.05405405405405406,1,0,0,1,0.07142857142857142,0,0,0.03125,0.2,0.08333333333333333,0,0,0,0,0.16666666666666666,0,0,0
"2016-03-11","GSW","POR","29:26",3,3,0,0,3,0.16666666666666666,0,0,0.10714285714285714,0,0,0,0,0,0,0,0,0.14285714285714285,0,0.3333333333333333,0,0,0,0,0,0,0
"2016-03-09","GSW","UTA","31:31",3,3,0,0,1,0.05,2,0.25,0.10714285714285714,0,0,0,0,0,0,0,0,0,0.1111111111111111,0,0.16666666666666666,0.5,0,0,0,0,0
"2016-03-07","GSW","ORL","37:20",13,12,1,1,8,0.27586206896551724,3,0.23076923076923078,0.2619047619047619,1,0,0,0,0,1,0.06666666666666667,0.034482758620689655,0.42857142857142855,0.2,0.25,0.25,0,0,0,0,0,0.125
"2016-03-06","GSW","LAL","34:17",6,5,0,0,4,0.14285714285714285,1,0.125,0.1388888888888889,1,0,0,0,0,1,0.045454545454545456,0.024390243902439025,0.2,0.125,0.1,0.14285714285714285,0,0,0,0,0.07142857142857142,0
"2016-03-03","GSW","OKC","37:11",4,3,0,0,2,0.09090909090909091,1,0.08333333333333333,0.08823529411764706,1,0,0,0,0,1,0.047619047619047616,0.030303030303030304,0.125,0.16666666666666666,0,0.1,0,0,0,0,0.05263157894736842,0
"2016-02-27","GSW","OKC","37:42",3,3,0,0,2,0.08333333333333333,1,0.1111111111111111,0.09090909090909091,0,0,0,0,0,0,0,0,0,0.15384615384615385,0,0.14285714285714285,0,0,0,0,0,0
"2016-02-25","GSW","ORL","34:02",7,7,0,0,3,0.14285714285714285,4,0.3333333333333333,0.21212121212121213,0,0,0,0,0,0,0,0,0.16666666666666666,0.16666666666666666,0.1111111111111111,0.2222222222222222,0.6666666666666666,0,0,0,0,0
"2016-02-24","GSW","MIA","35:35",7,4,0,0,4,0.12121212121212122,0,0,0.10810810810810811,3,0,0,3,0.12,0,0,0.07894736842105263,0.09090909090909091,0.125,0.14285714285714285,0,0,0.09090909090909091,0.16666666666666666,0.125,0,0
"2016-02-22","GSW","ATL","35:48",6,5,0,0,3,0.16666666666666666,2,0.125,0.14705882352941177,1,0,0,0,0,1,0.041666666666666664,0.027777777777777776,0.2222222222222222,0,0.25,0.09090909090909091,0.2,0,0,0,0.07142857142857142,0
"2016-02-20","GSW","LAC","35:30",3,3,0,0,2,0.08333333333333333,1,0.06666666666666667,0.07692307692307693,0,0,0,0,0,0,0,0,0.08333333333333333,0,0.16666666666666666,0.07692307692307693,0,0,0,0,0,0
"2016-02-19","GSW","POR","26:19",3,1,0,0,1,0.05555555555555555,0,0,0.043478260869565216,2,0,0,2,0.10526315789473684,0,0,0.07407407407407407,0,0.25,0,0,0,0,0.2857142857142857,0,0,0
"2016-02-10","GSW","PHX","30:06",9,4,0,0,2,0.1111111111111111,2,0.2,0.14285714285714285,5,0,0,2,0.18181818181818182,3,0.15789473684210525,0.16666666666666666,0.16666666666666666,0,0.3333333333333333,0.14285714285714285,0.3333333333333333,0.25,0.16666666666666666,0,0.2,0
"2016-02-09","GSW","HOU","37:41",5,4,0,0,3,0.15,1,0.0625,0.1111111111111111,1,0,0,1,0.045454545454545456,0,0,0.02631578947368421,0.3333333333333333,0.2,0.08333333333333333,0.09090909090909091,0,0,0,0.14285714285714285,0,0
"2016-02-06","GSW","OKC","37:42",6,5,0,0,3,0.12,2,0.18181818181818182,0.1388888888888889,1,0,0,0,0,1,0.0625,0.024390243902439025,0.1,0.125,0.14285714285714285,0.2,0,0,0,0,0.06666666666666667,0
"2016-02-03","GSW","WAS","35:41",7,6,0,0,3,0.125,3,0.23076923076923078,0.16216216216216217,1,0,0,0,0,1,0.06666666666666667,0.029411764705882353,0,0.2,0.2857142857142857,0.2727272727272727,0,0,0,0,0.07692307692307693,0
"2016-01-31","GSW","NYK","31:59",4,4,0,0,3,0.09090909090909091,1,0.125,0.0975609756097561,0,0,0,0,0,0,0,0,0.09090909090909091,0.09090909090909091,0.09090909090909091,0.14285714285714285,0,0,0,0,0,0
"2016-01-30","GSW","PHI","34:12",5,3,0,0,2,0.07692307692307693,1,0.08333333333333333,0.07894736842105263,2,0,0,1,0.047619047619047616,1,0.07692307692307693,0.058823529411764705,0.06666666666666667,0.2,0,0,0.3333333333333333,0.06666666666666667,0,0,0.1111111111111111,0
"2016-01-27","GSW","DAL","31:48",2,1,0,0,0,0,1,0.06666666666666667,0.03333333333333333,1,0,0,0,0,1,0.08333333333333333,0.05,0,0,0,0.06666666666666667,0,0,0,0,0.14285714285714285,0
"2016-01-25","GSW","SAS","28:21",2,1,0,0,1,0.05,0,0,0.04,1,0,0,1,0.058823529411764705,0,0,0.03571428571428571,0,0,0.125,0,0,0,0,0.25,0,0
"2016-01-22","GSW","IND","36:49",10,8,0,0,7,0.22580645161290322,1,0.08333333333333333,0.18604651162790697,2,0,0,1,0.05,1,0.0625,0.05555555555555555,0.3333333333333333,0.3333333333333333,0.125,0.09090909090909091,0,0,0,0.14285714285714285,0.07142857142857142,0
"2016-01-20","GSW","CHI","33:45",7,6,0,0,6,0.1875,0,0,0.13043478260869565,1,0,0,1,0.07142857142857142,0,0,0.03225806451612903,0.3,0,0.2727272727272727,0,0,0.14285714285714285,0,0,0,0
"2016-01-18","GSW","CLE","28:03",5,3,0,0,2,0.10526315789473684,1,0.14285714285714285,0.11538461538461539,2,0,0,1,0.1111111111111111,1,0.07142857142857142,0.08695652173913043,0.2857142857142857,0,0,0.14285714285714285,0,0.2,0,0,0.1,0
"2018-03-23","GSW","ATL","25:22",7,6,0,0,2,0.18181818181818182,4,0.26666666666666666,0.23076923076923078,1,0,0,1,0.0625,0,0,0.03571428571428571,0,0.3333333333333333,0,0.25,0.3333333333333333,0,0,0.2,0,0
"2018-03-08","GSW","SAS","02:23",0,0,0,0,0,0,0,0,0,0,0,0,0,0,0,0,0,0,0,0,0,0,0,0,0,0,0
"2018-03-06","GSW","BKN","33:56",6,5,0,0,2,0.15384615384615385,3,0.15,0.15151515151515152,1,0,0,1,0.0625,0,0,0.04,0.25,0.14285714285714285,0,0.1875,0,0,0,0.2,0,0
"2018-03-02","GSW","ATL","23:30",1,1,0,0,0,0,1,0.1111111111111111,0.047619047619047616,0,0,0,0,0,0,0,0,0,0,0,0.14285714285714285,0,0,0,0,0,0
"2018-02-28","GSW","WAS","35:08",5,5,0,0,1,0.045454545454545456,4,0.25,0.13157894736842105,0,0,0,0,0,0,0,0,0.14285714285714285,0,0,0.15384615384615385,0.6666666666666666,0,0,0,0,0
"2018-02-26","GSW","NYK","30:18",5,5,0,0,2,0.09090909090909091,3,0.3333333333333333,0.16129032258064516,0,0,0,0,0,0,0,0,0.1,0,0.2,0.3333333333333333,0.3333333333333333,0,0,0,0,0
"2018-02-24","GSW","OKC","29:49",9,8,0,0,6,0.2608695652173913,2,0.14285714285714285,0.21621621621621623,1,0,0,0,0,1,0.0625,0.03333333333333333,0.25,0.375,0.14285714285714285,0.18181818181818182,0,0,0,0,0.1,0
"2018-02-22","GSW","LAC","37:08",6,5,0,0,2,0.13333333333333333,3,0.17647058823529413,0.15625,1,0,0,0,0,1,0.1,0.043478260869565216,0,0.3333333333333333,0,0.21428571428571427,0,0,0,0,0.1111111111111111,0
"2018-02-14","GSW","POR","34:26",4,2,0,0,1,0.06666666666666667,1,0.07142857142857142,0.06896551724137931,2,0,0,1,0.07142857142857142,1,0.05263157894736842,0.06060606060606061,0,0,0.16666666666666666,0.09090909090909091,0,0,0.2,0,0.08333333333333333,0
"2018-02-12","GSW","PHX","29:53",9,7,0,0,6,0.2222222222222222,1,0.1,0.1891891891891892,2,0,0,1,0.07692307692307693,1,0.1,0.08695652173913043,0.2222222222222222,0.15384615384615385,0.4,0.1111111111111111,0,0.14285714285714285,0,0,0.1111111111111111,0
"2018-02-10","GSW","SAS","28:52",4,3,0,0,2,0.09523809523809523,1,0.1,0.0967741935483871,1,0,0,1,0.07692307692307693,0,0,0.045454545454545456,0,0.2,0,0.125,0,0.16666666666666666,0,0,0,0
"2018-02-08","GSW","DAL","29:41",7,5,0,0,1,0.07142857142857142,4,0.19047619047619047,0.14285714285714285,2,0,0,0,0,2,0.16666666666666666,0.06666666666666667,0,0.14285714285714285,0,0.15789473684210525,0.5,0,0,0,0.18181818181818182,0
"2018-02-06","GSW","OKC","31:49",5,4,1,0.25,1,0.045454545454545456,2,0.25,0.1,1,0,0,0,0,1,0.06666666666666667,0.041666666666666664,0,0.14285714285714285,0,0.2857142857142857,0,0,0,0,0.08333333333333333,0
"2018-02-03","GSW","DEN","35:37",6,5,0,0,3,0.10714285714285714,2,0.15384615384615385,0.12195121951219512,1,0,0,0,0,1,0.05555555555555555,0.03225806451612903,0.08333333333333333,0.09090909090909091,0.2,0.09090909090909091,0.5,0,0,0,0.058823529411764705,0
"2018-02-02","GSW","SAC","35:35",5,4,0,0,1,0.037037037037037035,3,0.21428571428571427,0.0975609756097561,1,0,0,0,0,1,0.07142857142857142,0.03333333333333333,0,0.1,0,0.16666666666666666,0.5,0,0,0,0.14285714285714285,0
"2018-01-30","GSW","UTA","29:38",2,1,0,0,0,0,1,0.16666666666666666,0.045454545454545456,1,0,0,1,0.06666666666666667,0,0,0.03571428571428571,0,0,0,0.16666666666666666,0,0.14285714285714285,0,0,0,0
"2018-01-27","GSW","BOS","36:48",4,4,0,0,3,0.12,1,0.1111111111111111,0.11764705882352941,0,0,0,0,0,0,0,0,0.16666666666666666,0,0.3333333333333333,0.16666666666666666,0,0,0,0,0,0
"2018-01-25","GSW","MIN","37:26",5,3,0,0,2,0.058823529411764705,1,0.14285714285714285,0.07317073170731707,2,0,0,2,0.10526315789473684,0,0,0.06896551724137931,0,0,0.2222222222222222,0.14285714285714285,0,0.125,0,0.14285714285714285,0,0
"2018-01-23","GSW","NYK","33:16",6,6,0,0,4,0.2222222222222222,2,0.2,0.21428571428571427,0,0,0,0,0,0,0,0,0,0.3333333333333333,0.2857142857142857,0.2222222222222222,0,0,0,0,0,0
"2018-01-20","GSW","HOU","36:11",1,1,0,0,0,0,1,0.07692307692307693,0.034482758620689655,0,0,0,0,0,0,0,0,0,0,0,0.09090909090909091,0,0,0,0,0,0
"2018-01-17","GSW","CHI","34:55",9,9,0,0,6,0.23076923076923078,3,0.13043478260869565,0.1836734693877551,0,0,0,0,0,0,0,0,0.18181818181818182,0.16666666666666666,0.3333333333333333,0.0625,0.2857142857142857,0,0,0,0,0
"2018-01-15","GSW","CLE","33:24",4,3,0,0,1,0.07142857142857142,2,0.13333333333333333,0.10344827586206896,1,0,0,1,0.058823529411764705,0,0,0.034482758620689655,0,0,0.125,0.1,0.2,0.14285714285714285,0,0,0,0
"2018-01-13","GSW","TOR","34:28",6,6,0,0,5,0.23809523809523808,1,0.1,0.1935483870967742,0,0,0,0,0,0,0,0,0,0.2857142857142857,0.3333333333333333,0.1111111111111111,0,0,0,0,0,0
"2018-01-08","GSW","DEN","34:51",4,3,0,0,3,0.10344827586206896,0,0,0.08108108108108109,1,0,0,0,0,1,0.07142857142857142,0.037037037037037035,0.1111111111111111,0.07142857142857142,0.16666666666666666,0,0,0,0,0,0.08333333333333333,0
"2018-01-06","GSW","LAC","29:51",6,4,0,0,3,0.125,1,0.125,0.125,2,0,0,1,0.05555555555555555,1,0.058823529411764705,0.05714285714285714,0,0.4,0.14285714285714285,0,0.5,0,0,0.2,0,0.2
"2018-01-04","GSW","HOU","36:52",9,9,0,0,2,0.2222222222222222,7,0.28,0.2647058823529412,0,0,0,0,0,0,0,0,0.2,0.5,0,0.2222222222222222,0.42857142857142855,0,0,0,0,0
"2018-01-03","GSW","DAL","34:29",5,5,0,0,3,0.15789473684210525,2,0.14285714285714285,0.15151515151515152,0,0,0,0,0,0,0,0,0.16666666666666666,0.16666666666666666,0.14285714285714285,0.18181818181818182,0,0,0,0,0,0
"2017-12-30","GSW","MEM","25:36",4,4,0,0,2,0.1,2,0.3333333333333333,0.15384615384615385,0,0,0,0,0,0,0,0,0.2857142857142857,0,0,0.25,0.5,0,0,0,0,0
"2017-12-04","GSW","NOP","34:28",5,3,0,0,1,0.05555555555555555,2,0.125,0.08823529411764706,2,0,0,1,0.05555555555555555,1,0.06666666666666667,0.06060606060606061,0,0.14285714285714285,0,0,0.2857142857142857,0,0,0.14285714285714285,0,0.3333333333333333
"2017-12-03","GSW","MIA","30:19",2,2,0,0,1,0.07142857142857142,1,0.1,0.08333333333333333,0,0,0,0,0,0,0,0,0.3333333333333333,0,0,0.14285714285714285,0,0,0,0,0,0
"2017-12-01","GSW","ORL","33:03",6,5,0,0,0,0,5,0.38461538461538464,0.14285714285714285,1,0,0,1,0.09090909090909091,0,0,0.05,0,0,0,0.45454545454545453,0,0,0,0.25,0,0
"2017-11-29","GSW","LAL","39:24",5,5,0,0,4,0.16666666666666666,1,0.08333333333333333,0.1388888888888889,0,0,0,0,0,0,0,0,0.14285714285714285,0.25,0.15384615384615385,0.09090909090909091,0,0,0,0,0,0
"2017-11-25","GSW","NOP","36:28",4,4,0,0,1,0.043478260869565216,3,0.3,0.12121212121212122,0,0,0,0,0,0,0,0,0,0,0.2,0.25,0.5,0,0,0,0,0
"2017-11-24","GSW","CHI","26:52",7,7,0,0,5,0.19230769230769232,2,0.14285714285714285,0.175,0,0,0,0,0,0,0,0,0.2857142857142857,0.16666666666666666,0.14285714285714285,0.16666666666666666,0,0,0,0,0,0
"2017-11-22","GSW","OKC","30:49",5,4,0,0,2,0.1,2,0.2222222222222222,0.13793103448275862,1,0,0,0,0,1,0.06666666666666667,0.03225806451612903,0,0,0.3333333333333333,0.2857142857142857,0,0,0,0,0.08333333333333333,0
"2017-11-19","GSW","BKN","32:40",11,8,1,0.25,4,0.21052631578947367,3,0.15789473684210525,0.18421052631578946,3,0,0,3,0.13043478260869565,0,0,0.09090909090909091,0.09090909090909091,0.5,0.25,0.09090909090909091,0.25,0,0,0.2727272727272727,0,0
"2017-11-18","GSW","PHI","34:39",5,5,0,0,3,0.1875,2,0.125,0.15625,0,0,0,0,0,0,0,0,0.5,0.1111111111111111,0.2,0.14285714285714285,0,0,0,0,0,0
"2017-11-16","GSW","BOS","31:04",6,4,0,0,0,0,4,0.2222222222222222,0.12903225806451613,2,1,0.3333333333333333,1,0.05555555555555555,0,0,0.02702702702702703,0,0,0,0.3333333333333333,0,0,0,0.1111111111111111,0,0
"2017-11-11","GSW","PHI","29:54",4,4,0,0,3,0.125,1,0.1,0.11764705882352941,0,0,0,0,0,0,0,0,0.1111111111111111,0.18181818181818182,0,0,0.5,0,0,0,0,0
"2017-11-08","GSW","MIN","29:48",8,8,0,0,6,0.23076923076923078,2,0.2,0.2222222222222222,0,0,0,0,0,0,0,0,0,0.09090909090909091,0.5,0.2857142857142857,0,0,0,0,0,0
"2017-11-06","GSW","MIA","33:53",5,5,0,0,3,0.1,2,0.2,0.125,0,0,0,0,0,0,0,0,0,0.14285714285714285,0.16666666666666666,0.2857142857142857,0,0,0,0,0,0
"2017-11-04","GSW","DEN","29:39",0,0,0,0,0,0,0,0,0,0,0,0,0,0,0,0,0,0,0,0,0,0,0,0,0,0,0
"2017-11-02","GSW","SAS","31:51",8,7,0,0,3,0.12,4,0.3076923076923077,0.18421052631578946,1,0,0,1,0.05555555555555555,0,0,0.041666666666666664,0.1,0.1,0.2,0.3,0.3333333333333333,0.2,0,0,0,0
"2017-10-30","GSW","LAC","29:54",5,3,0,0,2,0.09523809523809523,1,0.1,0.0967741935483871,2,0,0,1,0.1,1,0.16666666666666666,0.125,0.1111111111111111,0.1111111111111111,0,0.125,0,0.3333333333333333,0,0,0,0.5
"2017-10-29","GSW","DET","35:27",6,5,0,0,3,0.10344827586206896,2,0.2,0.1282051282051282,1,0,0,0,0,1,0.07692307692307693,0.043478260869565216,0,0.16666666666666666,0,0.125,0.5,0,0,0,0.07692307692307693,0
"2017-10-27","GSW","WAS","36:12",5,5,0,0,3,0.12,2,0.18181818181818182,0.1388888888888889,0,0,0,0,0,0,0,0,0.125,0,0.25,0.2222222222222222,0,0,0,0,0,0
"2017-10-25","GSW","TOR","37:31",4,4,0,0,1,0.047619047619047616,3,0.16666666666666666,0.10256410256410256,0,0,0,0,0,0,0,0,0.25,0,0,0.21428571428571427,0,0,0,0,0,0
"2017-10-23","GSW","DAL","31:09",2,0,0,0,0,0,0,0,0,2,0,0,1,0.125,1,0.058823529411764705,0.08,0,0,0,0,0,0.3333333333333333,0,0,0.07692307692307693,0
"2017-10-21","GSW","MEM","30:05",6,6,0,0,4,0.25,2,0.2222222222222222,0.24,0,0,0,0,0,0,0,0,0.3333333333333333,0.16666666666666666,0.25,0.25,0,0,0,0,0,0
"2017-10-20","GSW","NOP","35:09",3,3,0,0,1,0.04,2,0.15384615384615385,0.07894736842105263,0,0,0,0,0,0,0,0,0,0.08333333333333333,0,0.16666666666666666,0,0,0,0,0,0
"2017-10-17","GSW","HOU","29:33",5,5,0,0,2,0.125,3,0.21428571428571427,0.16666666666666666,0,0,0,0,0,0,0,0,0,0.25,0,0.25,0,0,0,0,0,0
"2019-04-09","GSW","NOP","09:25",1,1,0,0,0,0,1,0.125,0.058823529411764705,0,0,0,0,0,0,0,0,0,0,0,0.2,0,0,0,0,0,0
"2019-04-07","GSW","LAC","29:35",5,5,0,0,3,0.13043478260869565,2,0.3333333333333333,0.1724137931034483,0,0,0,0,0,0,0,0,0,0.125,0.3333333333333333,0.25,0.5,0,0,0,0,0
"2019-04-05","GSW","CLE","36:06",6,5,0,0,4,0.18181818181818182,1,0.0625,0.13157894736842105,1,0,0,1,0.05,0,0,0.03125,0,0.23529411764705882,0,0.07692307692307693,0,0.25,0,0,0,0
"2019-04-04","GSW","LAL","29:29",10,9,0,0,4,0.19047619047619047,5,0.21739130434782608,0.20454545454545456,1,0,0,1,0.08333333333333333,0,0,0.034482758620689655,0.21428571428571427,0.3333333333333333,0,0.25,0,0.16666666666666666,0,0,0,0
"2019-04-02","GSW","DEN","30:14",4,4,0,0,1,0.041666666666666664,3,0.17647058823529413,0.0975609756097561,0,0,0,0,0,0,0,0,0,0.09090909090909091,0,0.1875,0,0,0,0,0,0
"2019-03-31","GSW","CHA","27:28",5,5,0,0,2,0.10526315789473684,3,0.23076923076923078,0.15625,0,0,0,0,0,0,0,0,0,0.16666666666666666,0,0.23076923076923078,0,0,0,0,0,0
"2019-03-29","GSW","MIN","41:55",3,3,0,0,0,0,3,0.15789473684210525,0.06976744186046512,0,0,0,0,0,0,0,0,0,0,0,0.17647058823529413,0,0,0,0,0,0
"2019-03-27","GSW","MEM","33:23",10,10,0,0,7,0.25,3,0.2727272727272727,0.2564102564102564,0,0,0,0,0,0,0,0,0.13333333333333333,0.3333333333333333,1,0.2,1,0,0,0,0,0
"2019-03-24","GSW","DET","35:26",9,7,0,0,4,0.19047619047619047,3,0.23076923076923078,0.20588235294117646,2,0,0,2,0.15384615384615385,0,0,0.09523809523809523,0,0.3076923076923077,0,0.3333333333333333,0,0,0.25,0,0,0
"2019-03-21","GSW","IND","29:28",4,3,0,0,1,0.043478260869565216,2,0.14285714285714285,0.08108108108108109,1,0,0,0,0,1,0.06666666666666667,0.04,0.125,0,0,0.18181818181818182,0,0,0,0,0.09090909090909091,0
"2019-03-19","GSW","MIN","32:35",3,2,0,0,1,0.05555555555555555,1,0.047619047619047616,0.05128205128205128,1,0,0,0,0,1,0.07142857142857142,0.03125,0,0,0.16666666666666666,0.058823529411764705,0,0,0,0,0.125,0
"2019-03-18","GSW","SAS","37:15",7,6,0,0,5,0.20833333333333334,1,0.1,0.17647058823529413,1,0,0,1,0.0625,0,0,0.02702702702702703,0,0.38461538461538464,0,0.1111111111111111,0,0,0,0.16666666666666666,0,0
"2019-03-16","GSW","OKC","33:06",7,6,0,0,2,0.08695652173913043,4,0.17391304347826086,0.13043478260869565,1,0,0,1,0.07142857142857142,0,0,0.034482758620689655,0,0,0.4,0.1875,0.14285714285714285,0.1111111111111111,0,0,0,0
"2019-03-13","GSW","HOU","35:21",4,2,0,0,1,0.14285714285714285,1,0.047619047619047616,0.07142857142857142,2,0,0,2,0.11764705882352941,0,0,0.05714285714285714,0,0.25,0,0,0.125,0.25,0,0.2,0,0
"2019-03-10","GSW","PHX","34:56",7,7,0,0,4,0.17391304347826086,3,0.2727272727272727,0.20588235294117646,0,0,0,0,0,0,0,0,0,0.1875,0.25,0.2727272727272727,0,0,0,0,0,0
"2019-03-08","GSW","DEN","34:22",7,7,0,0,4,0.14814814814814814,3,0.21428571428571427,0.17073170731707318,0,0,0,0,0,0,0,0,0.25,0.14285714285714285,0.1111111111111111,0.25,0.16666666666666666,0,0,0,0,0
"2019-03-05","GSW","BOS","30:51",3,3,0,0,0,0,3,0.2,0.10344827586206896,0,0,0,0,0,0,0,0,0,0,0,0.2,0.2,0,0,0,0,0
"2019-03-02","GSW","PHI","35:56",4,3,0,0,1,0.045454545454545456,2,0.14285714285714285,0.08333333333333333,1,0,0,1,0.0625,0,0,0.03225806451612903,0,0,0.3333333333333333,0.15384615384615385,0,0,0.14285714285714285,0,0,0
"2019-02-28","GSW","ORL","37:23",8,7,0,0,6,0.24,1,0.06666666666666667,0.175,1,0,0,1,0.045454545454545456,0,0,0.022222222222222223,0,0.3,0.3,0.1,0,0,0,0.16666666666666666,0,0
"2019-02-27","GSW","MIA","34:23",6,5,0,0,3,0.21428571428571427,2,0.125,0.16666666666666666,1,0,0,0,0,1,0.04,0.029411764705882353,0.14285714285714285,0,0.3333333333333333,0.1,0.16666666666666666,0,0,0,0.06666666666666667,0
"2019-02-25","GSW","CHA","35:03",5,5,0,0,1,0.07692307692307693,4,0.2,0.15151515151515152,0,0,0,0,0,0,0,0,0.16666666666666666,0,0,0.2222222222222222,0,0,0,0,0,0
"2019-02-23","GSW","HOU","35:42",9,9,0,0,6,0.2608695652173913,3,0.16666666666666666,0.21951219512195122,0,0,0,0,0,0,0,0,0.25,0.23529411764705882,0.5,0.2,0,0,0,0,0,0
"2019-02-21","GSW","SAC","36:14",6,6,0,0,5,0.20833333333333334,1,0.05263157894736842,0.13953488372093023,0,0,0,0,0,0,0,0,0.3333333333333333,0.17647058823529413,0.25,0,0.25,0,0,0,0,0
"2019-02-13","GSW","POR","32:37",7,6,0,0,3,0.13043478260869565,3,0.1875,0.15384615384615385,1,0,0,0,0,1,0.05263157894736842,0.02564102564102564,0.125,0.2,0,0.23076923076923078,0,0,0,0,0.08333333333333333,0
"2019-02-12","GSW","UTA","36:10",5,5,0,0,2,0.07692307692307693,3,0.2727272727272727,0.13513513513513514,0,0,0,0,0,0,0,0,0,0.1,0.125,0.2222222222222222,0.5,0,0,0,0,0
"2019-02-10","GSW","MIA","36:26",4,3,0,0,3,0.11538461538461539,0,0,0.06976744186046512,1,0,0,0,0,1,0.05,0.037037037037037035,0,0.2727272727272727,0,0,0,0,0,0,0.05263157894736842,0
"2019-02-08","GSW","PHX","35:33",7,7,0,0,2,0.07142857142857142,5,0.25,0.14583333333333334,0,0,0,0,0,0,0,0,0,0.1111111111111111,0.2,0.3333333333333333,0.125,0,0,0,0,0
"2019-02-06","GSW","SAS","28:36",5,4,0,0,1,0.07692307692307693,3,0.17647058823529413,0.13333333333333333,1,0,0,0,0,1,0.125,0.05555555555555555,0,0,0.125,0.15384615384615385,0.25,0,0,0,0.14285714285714285,0
"2019-02-02","GSW","LAL","32:51",4,4,0,0,3,0.12,1,0.06666666666666667,0.1,0,0,0,0,0,0,0,0,0.3333333333333333,0.11764705882352941,0,0.08333333333333333,0,0,0,0,0,0
"2019-01-31","GSW","PHI","38:12",4,3,0,0,1,0.06666666666666667,2,0.1,0.08571428571428572,1,0,0,1,0.06666666666666667,0,0,0.027777777777777776,0,0.14285714285714285,0,0.07692307692307693,0.14285714285714285,0,0.16666666666666666,0,0,0
"2019-01-28","GSW","IND","26:49",6,5,0,0,3,0.16666666666666666,2,0.18181818181818182,0.1724137931034483,1,0,0,1,0.06666666666666667,0,0,0.041666666666666664,0.125,0.2,0.2,0.25,0,0.16666666666666666,0,0,0,0
"2019-01-26","GSW","BOS","38:04",3,3,0,0,2,0.08333333333333333,1,0.05263157894736842,0.06976744186046512,0,0,0,0,0,0,0,0,0.1111111111111111,0.1111111111111111,0,0.07142857142857142,0,0,0,0,0,0
"2019-01-24","GSW","WAS","35:28",4,4,0,0,1,0.0625,3,0.14285714285714285,0.10810810810810811,0,0,0,0,0,0,0,0,0,0,0.5,0.125,0.2,0,0,0,0,0
"2019-01-21","GSW","LAL","30:08",5,4,0,0,2,0.09523809523809523,2,0.2222222222222222,0.13333333333333333,1,0,0,0,0,1,0.07142857142857142,0.038461538461538464,0.25,0.1111111111111111,0,0.2857142857142857,0,0,0,0,0.1,0
"2019-01-18","GSW","LAC","33:03",5,5,0,0,3,0.13043478260869565,2,0.14285714285714285,0.13513513513513514,0,0,0,0,0,0,0,0,0,0.3,0,0.1,0.25,0,0,0,0,0
"2019-01-16","GSW","NOP","35:08",5,4,0,0,3,0.13043478260869565,1,0.07692307692307693,0.1111111111111111,1,0,0,0,0,1,0.05263157894736842,0.029411764705882353,0,0.13333333333333333,0.25,0.08333333333333333,0,0,0,0,0.0625,0
"2019-01-15","GSW","DEN","29:42",6,5,0,0,2,0.14285714285714285,3,0.21428571428571427,0.17857142857142858,1,0,0,1,0.07692307692307693,0,0,0.04,0,0.2,1,0.2,0.25,0.125,0,0,0,0
"2019-01-13","GSW","DAL","36:52",6,3,0,0,2,0.08695652173913043,1,0.07142857142857142,0.08108108108108109,3,0,0,3,0.13043478260869565,0,0,0.07692307692307693,0.09090909090909091,0,0.25,0.09090909090909091,0,0.2857142857142857,0.09090909090909091,0,0,0
"2019-01-11","GSW","CHI","27:12",5,3,0,0,3,0.15,0,0,0.1111111111111111,2,0,0,1,0.1,1,0.1,0.1,0.3333333333333333,0.07692307692307693,0.25,0,0,0,0,0.16666666666666666,0.1,0
"2019-01-08","GSW","NYK","31:58",7,6,0,0,5,0.22727272727272727,1,0.09090909090909091,0.18181818181818182,1,0,0,0,0,1,0.047619047619047616,0.03125,0.2,0.3,0.14285714285714285,0.1111111111111111,0,0,0,0,0.058823529411764705,0
"2019-01-05","GSW","SAC","38:29",5,5,0,0,3,0.1,2,0.14285714285714285,0.11363636363636363,0,0,0,0,0,0,0,0,0.14285714285714285,0.08333333333333333,0,0.16666666666666666,0,0,0,0,0,0
"2019-01-03","GSW","HOU","40:14",3,3,0,0,0,0,3,0.12,0.06818181818181818,0,0,0,0,0,0,0,0,0,0,0,0.1111111111111111,0.14285714285714285,0,0,0,0,0
"2018-12-31","GSW","PHX","31:53",9,8,0,0,5,0.29411764705882354,3,0.23076923076923078,0.26666666666666666,1,0,0,1,0.08333333333333333,0,0,0.041666666666666664,0,0.25,0.4444444444444444,0.3333333333333333,0,0,0,0.25,0,0
"2018-12-29","GSW","POR","36:11",5,4,0,0,4,0.15384615384615385,0,0,0.10256410256410256,1,0,0,1,0.05263157894736842,0,0,0.034482758620689655,0.2,0.1,0.16666666666666666,0,0,0,0,0.16666666666666666,0,0
"2018-12-27","GSW","POR","41:38",5,4,0,0,1,0.03125,3,0.13636363636363635,0.07407407407407407,1,0,0,0,0,1,0.041666666666666664,0.022222222222222223,0,0.0625,0,0.10526315789473684,0.3333333333333333,0,0,0,0.047619047619047616,0
"2018-12-25","GSW","LAL","36:48",2,2,0,0,1,0.06666666666666667,1,0.06666666666666667,0.06666666666666667,0,0,0,0,0,0,0,0,0,0.1111111111111111,0,0.07692307692307693,0,0,0,0,0,0
"2018-12-23","GSW","LAC","35:39",6,3,0,0,3,0.15789473684210525,0,0,0.14285714285714285,3,0,0,0,0,3,0.14285714285714285,0.08108108108108109,0.25,0.25,0,0,0,0,0,0,0.15789473684210525,0
"2018-12-22","GSW","DAL","39:29",5,3,0,0,1,0.045454545454545456,2,0.11764705882352941,0.07692307692307693,2,0,0,0,0,2,0.08333333333333333,0.046511627906976744,0,0.06666666666666667,0,0.18181818181818182,0,0,0,0,0.1111111111111111,0
"2018-12-19","GSW","UTA","37:00",3,2,0,0,1,0.041666666666666664,1,0.0625,0.05,1,0,0,0,0,1,0.0625,0.022727272727272728,0.07692307692307693,0,0,0.08333333333333333,0,0,0,0,0.1111111111111111,0
"2018-12-17","GSW","MEM","35:02",7,7,0,0,6,0.3333333333333333,1,0.07692307692307693,0.22580645161290322,0,0,0,0,0,0,0,0,0,0.3333333333333333,0.5,0.08333333333333333,0,0,0,0,0,0
"2018-12-14","GSW","SAC","36:00",7,6,0,0,1,0.05555555555555555,5,0.20833333333333334,0.14285714285714285,1,0,0,1,0.05555555555555555,0,0,0.029411764705882353,0.25,0,0,0.25,0,0,0,0.1111111111111111,0,0
"2018-12-12","GSW","TOR","32:32",3,2,0,0,0,0,2,0.16666666666666666,0.06666666666666667,1,0,0,1,0.06666666666666667,0,0,0.03571428571428571,0,0,0,0.25,0,0,0.16666666666666666,0,0,0
"2018-12-10","GSW","MIN","35:45",7,6,0,0,6,0.2727272727272727,0,0,0.18181818181818182,1,0,0,0,0,1,0.047619047619047616,0.023255813953488372,0,0.2857142857142857,0.3333333333333333,0,0,0,0,0,0.0625,0
"2018-12-07","GSW","MIL","35:37",4,4,0,0,1,0.05263157894736842,3,0.13636363636363635,0.0975609756097561,0,0,0,0,0,0,0,0,0.08333333333333333,0,0,0.16666666666666666,0,0,0,0,0,0
"2018-12-05","GSW","CLE","33:47",9,9,0,0,6,0.2857142857142857,3,0.2,0.25,0,0,0,0,0,0,0,0,0.16666666666666666,0.3333333333333333,0.3333333333333333,0.18181818181818182,0.25,0,0,0,0,0
"2018-12-03","GSW","ATL","29:06",3,3,0,0,2,0.14285714285714285,1,0.1,0.125,0,0,0,0,0,0,0,0,0,0.3333333333333333,0.25,0.14285714285714285,0,0,0,0,0,0
"2018-12-01","GSW","DET","36:30",5,5,0,0,2,0.1,3,0.17647058823529413,0.13513513513513514,0,0,0,0,0,0,0,0,0.2,0,0.3333333333333333,0.08333333333333333,0.4,0,0,0,0,0
"2018-11-08","GSW","MIL","26:06",1,1,0,0,0,0,1,0.07692307692307693,0.041666666666666664,0,0,0,0,0,0,0,0,0,0,0,0.1111111111111111,0,0,0,0,0,0
"2018-11-05","GSW","MEM","32:04",5,3,0,0,2,0.125,1,0.07142857142857142,0.1,2,0,0,0,0,2,0.2222222222222222,0.07407407407407407,0,0.25,0,0.09090909090909091,0,0,0,0,0.125,1
"2018-11-02","GSW","MIN","35:28",9,8,0,0,2,0.08,6,0.2857142857142857,0.17391304347826086,1,0,0,1,0.05263157894736842,0,0,0.027777777777777776,0,0,0.25,0.23529411764705882,0.5,0,0.14285714285714285,0,0,0
"2018-10-31","GSW","NOP","36:54",2,2,0,0,0,0,2,0.10526315789473684,0.05405405405405406,0,0,0,0,0,0,0,0,0,0,0,0.1111111111111111,0,0,0,0,0,0
"2018-10-29","GSW","CHI","24:50",8,8,0,0,4,0.2857142857142857,4,0.3076923076923077,0.2962962962962963,0,0,0,0,0,0,0,0,0.42857142857142855,0,1,0.2727272727272727,0.5,0,0,0,0,0
"2018-10-28","GSW","BKN","36:16",7,6,0,0,5,0.23809523809523808,1,0.07142857142857142,0.17142857142857143,1,0,0,1,0.05263157894736842,0,0,0.02702702702702703,0.2,0.2857142857142857,0.25,0.1,0,0,0,0.125,0,0
"2018-10-26","GSW","NYK","33:24",4,3,0,0,2,0.13333333333333333,1,0.05,0.08571428571428572,1,0,0,0,0,1,0.1,0.04,0.25,0,0,0.0625,0,0,0,0,0.1111111111111111,0
"2018-10-24","GSW","WAS","31:35",4,4,0,0,1,0.07142857142857142,3,0.17647058823529413,0.12903225806451613,0,0,0,0,0,0,0,0,0,0,0.25,0.21428571428571427,0,0,0,0,0,0
"2018-10-22","GSW","PHX","29:40",4,4,0,0,1,0.09090909090909091,3,0.15789473684210525,0.13333333333333333,0,0,0,0,0,0,0,0,0,0.25,0,0.21428571428571427,0,0,0,0,0,0
"2018-10-21","GSW","DEN","39:14",4,4,0,0,1,0.047619047619047616,3,0.13636363636363635,0.09302325581395349,0,0,0,0,0,0,0,0,0,0,0.3333333333333333,0.17647058823529413,0,0,0,0,0,0
"2018-10-19","GSW","UTA","37:08",4,3,0,0,0,0,3,0.16666666666666666,0.08108108108108109,1,0,0,1,0.045454545454545456,0,0,0.03333333333333333,0,0,0,0.14285714285714285,0.25,0,0.14285714285714285,0,0,0
"2018-10-16","GSW","OKC","36:37",8,8,0,0,5,0.20833333333333334,3,0.16666666666666666,0.19047619047619047,0,0,0,0,0,0,0,0,0,0.15384615384615385,0.3333333333333333,0.1875,0,0,0,0,0,0
"2014-04-14","GSW","MIN","41:57",5,4,0,0,4,0.18181818181818182,0,0,0.14814814814814814,1,0,0,0,0,1,0.058823529411764705,0.022222222222222223,0.2,0.1111111111111111,0.25,0,0,0,0,0,0,0.125
"2014-04-13","GSW","POR","45:26",1,0,0,0,0,0,0,0,0,1,0,0,1,0.047619047619047616,0,0,0.02631578947368421,0,0,0,0,0,0,0,0.14285714285714285,0,0
"2014-04-11","GSW","LAL","34:44",10,10,0,0,7,0.30434782608695654,3,0.25,0.2857142857142857,0,0,0,0,0,0,0,0,0,0.5,0.36363636363636365,0.3,0,0,0,0,0,0
"2014-04-10","GSW","DEN","33:32",7,7,0,0,3,0.1111111111111111,4,0.2222222222222222,0.15555555555555556,0,0,0,0,0,0,0,0,0.2,0.13333333333333333,0,0.23529411764705882,0,0,0,0,0,0
"2014-04-06","GSW","UTA","29:27",1,1,0,0,1,0.045454545454545456,0,0,0.038461538461538464,0,0,0,0,0,0,0,0,0,0.16666666666666666,0,0,0,0,0,0,0,0
"2014-04-04","GSW","SAC","28:33",2,1,0,0,1,0.038461538461538464,0,0,0.03333333333333333,1,0,0,1,0.05,0,0,0.03571428571428571,0,0.1,0,0,0,0,0,0.1,0,0
"2014-04-02","GSW","SAS","30:43",0,0,0,0,0,0,0,0,0,0,0,0,0,0,0,0,0,0,0,0,0,0,0,0,0,0,0
"2014-04-01","GSW","DAL","43:07",3,2,0,0,0,0,2,0.16666666666666666,0.05,1,0,0,0,0,1,0.07692307692307693,0.03225806451612903,0,0,0,0.1,0.5,0,0,0,0.08333333333333333,0
"2014-03-30","GSW","NYK","40:46",4,3,0,0,2,0.06666666666666667,1,0.08333333333333333,0.07142857142857142,1,0,0,0,0,1,0.058823529411764705,0.024390243902439025,0,0.09090909090909091,0.07142857142857142,0.09090909090909091,0,0,0,0,0.08333333333333333,0
"2014-03-28","GSW","MEM","38:04",5,4,0,0,3,0.13043478260869565,1,0.16666666666666666,0.13793103448275862,1,0,0,1,0.05263157894736842,0,0,0.037037037037037035,0,0.21428571428571427,0,0.2,0,0,0.2,0,0,0
"2014-03-22","GSW","SAS","39:25",6,6,0,0,3,0.1,3,0.1875,0.13043478260869565,0,0,0,0,0,0,0,0,0,0.25,0.07692307692307693,0.3,0,0,0,0,0,0
"2014-03-20","GSW","MIL","38:04",3,2,0,0,2,0.06666666666666667,0,0,0.05714285714285714,1,0,0,0,0,1,0.07692307692307693,0.041666666666666664,0,0,0.1111111111111111,0,0,0,0,0,0.14285714285714285,0
"2014-03-18","GSW","ORL","31:46",3,2,0,0,1,0.043478260869565216,1,0.25,0.07407407407407407,1,0,0,1,0.058823529411764705,0,0,0.038461538461538464,0,0,0.1,0.25,0,0,0,0.14285714285714285,0,0
"2014-03-16","GSW","POR","40:08",4,4,0,0,4,0.15384615384615385,0,0,0.10526315789473684,0,0,0,0,0,0,0,0,0.2,0.1,0.16666666666666666,0,0,0,0,0,0,0
"2014-03-14","GSW","CLE","36:01",4,4,0,0,3,0.14285714285714285,1,0.09090909090909091,0.125,0,0,0,0,0,0,0,0,0.375,0,0,0,1,0,0,0,0,0
"2014-03-12","GSW","LAC","29:18",5,4,0,0,4,0.17391304347826086,0,0,0.12903225806451613,1,0,0,1,0.05263157894736842,0,0,0.043478260869565216,0,0.3333333333333333,0.2,0,0,0.3333333333333333,0,0,0,0
"2014-03-11","GSW","DAL","22:17",2,2,0,0,2,0.11764705882352941,0,0,0.09090909090909091,0,0,0,0,0,0,0,0,0,0.2857142857142857,0,0,0,0,0,0,0,0
"2014-03-09","GSW","PHX","30:16",2,2,0,0,1,0.05555555555555555,1,0.16666666666666666,0.08333333333333333,0,0,0,0,0,0,0,0,0,0,0.14285714285714285,0.25,0,0,0,0,0,0
"2014-03-07","GSW","ATL","30:03",3,3,0,0,2,0.13333333333333333,1,0.08333333333333333,0.1111111111111111,0,0,0,0,0,0,0,0,0,0.14285714285714285,0.2,0.1111111111111111,0,0,0,0,0,0
"2014-03-05","GSW","BOS","21:51",3,3,0,0,2,0.13333333333333333,1,0.16666666666666666,0.14285714285714285,0,0,0,0,0,0,0,0,0,0.25,0.125,0.16666666666666666,0,0,0,0,0,0
"2014-03-04","GSW","IND","32:00",8,7,0,0,4,0.16,3,0.42857142857142855,0.21875,1,0,0,1,0.03225806451612903,0,0,0.027777777777777776,0.125,0.2857142857142857,0.1,0.5,0,0,0.05555555555555555,0,0,0
"2016-01-16","GSW","DET","36:55",7,6,0,0,4,0.125,2,0.18181818181818182,0.13953488372093023,1,0,0,1,0.038461538461538464,0,0,0.025,0,0.14285714285714285,0.2857142857142857,0,0.5,0,0.125,0,0,0
"2016-01-14","GSW","LAL","29:31",6,4,0,0,0,0,4,0.36363636363636365,0.12121212121212122,2,0,0,1,0.07692307692307693,1,0.07142857142857142,0.07407407407407407,0,0,0,0.4444444444444444,0,0,0,0.16666666666666666,0.07692307692307693,0
"2016-01-13","GSW","DEN","39:49",5,3,0,0,2,0.07692307692307693,1,0.06666666666666667,0.07317073170731707,2,0,0,0,0,2,0.14285714285714285,0.05714285714285714,0.07692307692307693,0,0.125,0.07692307692307693,0,0,0,0,0.1,0.25
"2016-01-11","GSW","MIA","37:34",2,2,0,0,2,0.07142857142857142,0,0,0.05128205128205128,0,0,0,0,0,0,0,0,0,0.2,0,0,0,0,0,0,0,0
"2016-01-09","GSW","SAC","37:54",6,5,0,0,3,0.11538461538461539,2,0.16666666666666666,0.13157894736842105,1,0,0,0,0,1,0.07142857142857142,0.03333333333333333,0.2222222222222222,0.09090909090909091,0,0.18181818181818182,0,0,0,0,0.09090909090909091,0
"2016-01-08","GSW","POR","28:50",3,3,0,0,2,0.07692307692307693,1,0.07142857142857142,0.075,0,0,0,0,0,0,0,0,0.08333333333333333,0,0.1111111111111111,0.08333333333333333,0,0,0,0,0,0
"2016-01-05","GSW","LAL","26:08",1,0,0,0,0,0,0,0,0,1,0,0,1,0.09090909090909091,0,0,0.045454545454545456,0,0,0,0,0,0.14285714285714285,0,0,0,0
"2016-01-04","GSW","CHA","31:51",3,3,0,0,2,0.08,1,0.1111111111111111,0.08823529411764706,0,0,0,0,0,0,0,0,0.14285714285714285,0,0.1,0.1111111111111111,0,0,0,0,0,0
"2016-01-02","GSW","DEN","14:23",1,1,0,0,1,0.1111111111111111,0,0,0.07142857142857142,0,0,0,0,0,0,0,0,0,0,0.25,0,0,0,0,0,0,0
"2015-12-28","GSW","SAC","30:22",14,14,0,0,9,0.3333333333333333,5,0.38461538461538464,0.35,0,0,0,0,0,0,0,0,0.16666666666666666,0.42857142857142855,0.5,0.4444444444444444,0.25,0,0,0,0,0
"2015-12-25","GSW","CLE","36:35",7,6,0,0,5,0.14705882352941177,1,0.047619047619047616,0.10909090909090909,1,0,0,1,0.043478260869565216,0,0,0.030303030303030304,0.19047619047619047,0,0.2,0,0.2,0.09090909090909091,0,0,0,0
"2015-12-23","GSW","UTA","34:13",5,4,0,0,3,0.125,1,0.09090909090909091,0.11428571428571428,1,0,0,1,0.05,0,0,0.03125,0.16666666666666666,0.15384615384615385,0,0,0.25,0.09090909090909091,0,0,0,0
"2015-12-18","GSW","MIL","39:20",10,8,0,0,6,0.1935483870967742,2,0.18181818181818182,0.19047619047619047,2,1,0.2,0,0,1,0.07692307692307693,0.03225806451612903,0,0.16666666666666666,0.5,0.25,0,0,0,0,0,0.5
"2015-12-16","GSW","PHX","29:35",2,2,0,0,1,0.045454545454545456,1,0.08333333333333333,0.058823529411764705,0,0,0,0,0,0,0,0,0,0,0.1,0.09090909090909091,0,0,0,0,0,0
"2015-12-12","GSW","MIL","35:14",7,5,0,0,4,0.14814814814814814,1,0.14285714285714285,0.14705882352941177,2,0,0,1,0.047619047619047616,1,0.0625,0.05405405405405406,0,0.3333333333333333,0.2222222222222222,0,0.5,0.14285714285714285,0,0,0.07692307692307693,0
"2015-12-11","GSW","BOS","46:55",11,8,0,0,4,0.10810810810810811,4,0.23529411764705882,0.14814814814814814,3,0,0,1,0.03333333333333333,2,0.10526315789473684,0.061224489795918366,0.25,0.07142857142857142,0,0.26666666666666666,0,0,0.1,0,0.14285714285714285,0
"2015-12-08","GSW","IND","35:39",7,7,0,0,3,0.10344827586206896,4,0.2857142857142857,0.16279069767441862,0,0,0,0,0,0,0,0,0,0.3333333333333333,0.2,0.2857142857142857,0,0,0,0,0,0
"2015-12-06","GSW","BKN","32:14",5,5,0,0,2,0.08333333333333333,3,0.3333333333333333,0.15151515151515152,0,0,0,0,0,0,0,0,0.2,0,0.1,0.2,0.5,0,0,0,0,0
"2015-12-05","GSW","TOR","37:51",2,1,0,0,1,0.034482758620689655,0,0,0.027777777777777776,1,0,0,1,0.05263157894736842,0,0,0.03333333333333333,0,0,0.1,0,0,0,0,0.2,0,0
"2015-12-02","GSW","CHA","30:49",3,3,0,0,0,0,3,0.17647058823529413,0.07142857142857142,0,0,0,0,0,0,0,0,0,0,0,0.21428571428571427,0,0,0,0,0,0
"2015-11-30","GSW","UTA","37:16",6,4,0,0,2,0.08333333333333333,2,0.2222222222222222,0.12121212121212122,2,0,0,1,0.05263157894736842,1,0.08333333333333333,0.06451612903225806,0,0.2857142857142857,0,0.2857142857142857,0,0.08333333333333333,0,0,0.1,0
"2015-11-28","GSW","SAC","29:48",4,4,0,0,4,0.13333333333333333,0,0,0.0975609756097561,0,0,0,0,0,0,0,0,0.2727272727272727,0,0.2,0,0,0,0,0,0,0
"2015-11-27","GSW","PHX","30:39",6,5,0,0,3,0.15789473684210525,2,0.15384615384615385,0.15625,1,1,0.25,0,0,0,0,0,0.14285714285714285,0,0.2222222222222222,0.1111111111111111,0.25,0,0,0,0,0
"2015-11-24","GSW","LAL","30:10",4,4,0,0,3,0.125,1,0.07692307692307693,0.10810810810810811,0,0,0,0,0,0,0,0,0,0.14285714285714285,0.14285714285714285,0.07692307692307693,0,0,0,0,0,0
"2015-11-22","GSW","DEN","27:37",4,4,0,0,2,0.07407407407407407,2,0.3333333333333333,0.12121212121212122,0,0,0,0,0,0,0,0,0.07142857142857142,0,0.125,0.5,0,0,0,0,0,0
"2015-11-20","GSW","CHI","36:05",5,4,0,0,2,0.07142857142857142,2,0.16666666666666666,0.1,1,0,0,0,0,1,0.06666666666666667,0.03571428571428571,0,0.1,0.09090909090909091,0.2,0,0,0,0,0.07142857142857142,0
"2015-11-19","GSW","LAC","36:46",11,11,0,0,8,0.36363636363636365,3,0.21428571428571427,0.3055555555555556,0,0,0,0,0,0,0,0,0.375,0.3333333333333333,0.375,0.1111111111111111,0.4,0,0,0,0,0
"2015-11-17","GSW","TOR","39:35",2,2,0,0,1,0.038461538461538464,1,0.14285714285714285,0.06060606060606061,0,0,0,0,0,0,0,0,0.2,0,0,0.2,0,0,0,0,0,0
"2015-11-14","GSW","BKN","43:45",3,3,0,0,3,0.08108108108108109,0,0,0.061224489795918366,0,0,0,0,0,0,0,0,0,0,0.21428571428571427,0,0,0,0,0,0,0
"2015-11-12","GSW","MIN","37:42",5,5,0,0,4,0.14285714285714285,1,0.16666666666666666,0.14705882352941177,0,0,0,0,0,0,0,0,0.3333333333333333,0,0.09090909090909091,0.16666666666666666,0,0,0,0,0,0
"2015-11-11","GSW","MEM","34:30",5,5,0,0,3,0.125,2,0.2222222222222222,0.15151515151515152,0,0,0,0,0,0,0,0,0,0.16666666666666666,0.125,0.4,0,0,0,0,0,0
"2015-11-09","GSW","DET","36:50",5,4,0,0,4,0.14814814814814814,0,0,0.1111111111111111,1,0,0,1,0.03333333333333333,0,0,0.02564102564102564,0.16666666666666666,0,0.3333333333333333,0,0,0,0.125,0,0,0
"2015-11-07","GSW","SAC","39:08",6,5,0,0,4,0.14814814814814814,1,0.08333333333333333,0.1282051282051282,1,0,0,1,0.05555555555555555,0,0,0.023809523809523808,0,0.125,0.2222222222222222,0.08333333333333333,0,0,0.16666666666666666,0,0,0
"2015-11-06","GSW","DEN","34:39",7,7,0,0,6,0.1935483870967742,1,0.14285714285714285,0.18421052631578946,0,0,0,0,0,0,0,0,0,0.3,0.3333333333333333,0,1,0,0,0,0,0
"2015-11-04","GSW","LAC","32:39",5,5,0,0,3,0.14285714285714285,2,0.25,0.1724137931034483,0,0,0,0,0,0,0,0,0.2,0.2222222222222222,0,0.3333333333333333,0,0,0,0,0,0
"2015-11-02","GSW","MEM","28:24",3,2,0,0,1,0.03125,1,0.07692307692307693,0.044444444444444446,1,0,0,1,0.0625,0,0,0.04,0,0.06666666666666667,0,0.125,0,0,0.2,0,0,0
"2015-10-31","GSW","NOP","35:38",4,4,0,0,4,0.14285714285714285,0,0,0.10526315789473684,0,0,0,0,0,0,0,0,0.07692307692307693,0.25,0.14285714285714285,0,0,0,0,0,0,0
"2015-10-30","GSW","HOU","27:24",7,7,0,0,4,0.2,3,0.3,0.23333333333333334,0,0,0,0,0,0,0,0,0.18181818181818182,0,0.6666666666666666,0.25,0.5,0,0,0,0,0
"2015-10-27","GSW","NOP","35:37",6,3,0,0,3,0.13043478260869565,0,0,0.0967741935483871,3,0,0,2,0.09090909090909091,1,0.058823529411764705,0.07692307692307693,0.5,0.07692307692307693,0,0,0,0.14285714285714285,0.1,0,0.07142857142857142,0
"2017-04-12","GSW","LAL","28:28",5,5,0,0,5,0.21739130434782608,0,0,0.1724137931034483,0,0,0,0,0,0,0,0,0.25,0.1,0.4,0,0,0,0,0,0,0
"2017-04-10","GSW","UTA","29:57",4,3,0,0,1,0.047619047619047616,2,0.14285714285714285,0.08571428571428572,1,0,0,0,0,1,0.1111111111111111,0.05,0,0,0.25,0.09090909090909091,0.3333333333333333,0,0,0,0.1111111111111111,0
"2017-04-05","GSW","PHX","35:12",4,4,0,0,2,0.06060606060606061,2,0.125,0.08163265306122448,0,0,0,0,0,0,0,0,0.06666666666666667,0.125,0,0.1,0.16666666666666666,0,0,0,0,0
"2017-04-04","GSW","MIN","29:53",3,3,0,0,2,0.1,1,0.09090909090909091,0.0967741935483871,0,0,0,0,0,0,0,0,0,0,0.2,0,0.25,0,0,0,0,0
"2017-04-02","GSW","WAS","35:34",1,1,0,0,0,0,1,0.07692307692307693,0.027777777777777776,0,0,0,0,0,0,0,0,0,0,0,0,0.2,0,0,0,0,0
"2017-03-31","GSW","HOU","34:46",7,4,0,0,3,0.13043478260869565,1,0.058823529411764705,0.1,3,0,0,2,0.08333333333333333,1,0.07142857142857142,0.07894736842105263,0.0625,0.3333333333333333,0,0.07692307692307693,0,0,0.2857142857142857,0,0.08333333333333333,0
"2017-03-29","GSW","SAS","35:08",4,3,0,0,2,0.07407407407407407,1,0.1111111111111111,0.08333333333333333,1,0,0,1,0.041666666666666664,0,0,0.02857142857142857,0,0,0.18181818181818182,0.125,0,0,0.16666666666666666,0,0,0
"2017-03-28","GSW","HOU","33:26",10,8,0,0,3,0.2,5,0.2777777777777778,0.24242424242424243,2,0,0,0,0,2,0.08333333333333333,0.0625,0.3333333333333333,0,0,0.25,0.3333333333333333,0,0,0,0.05555555555555555,0.16666666666666666
"2017-03-26","GSW","MEM","36:19",1,1,0,0,0,0,1,0.09090909090909091,0.038461538461538464,0,0,0,0,0,0,0,0,0,0,0,0.1,0,0,0,0,0,0
"2017-03-24","GSW","SAC","33:14",7,6,0,0,4,0.19047619047619047,2,0.3333333333333333,0.2222222222222222,1,0,0,0,0,1,0.05555555555555555,0.030303030303030304,0,0.375,0.1111111111111111,0.4,0,0,0,0,0.06666666666666667,0
"2017-03-21","GSW","DAL","29:45",5,4,0,0,2,0.09090909090909091,2,0.2222222222222222,0.12903225806451613,1,0,0,0,0,1,0.09090909090909091,0.045454545454545456,0,0,0.2222222222222222,0.3333333333333333,0,0,0,0,0.125,0
"2017-03-20","GSW","OKC","29:53",4,4,0,0,2,0.1111111111111111,2,0.16666666666666666,0.13333333333333333,0,0,0,0,0,0,0,0,0.2222222222222222,0,0,0.2,0,0,0,0,0,0
"2017-03-18","GSW","MIL","30:17",4,4,0,0,3,0.12,1,0.08333333333333333,0.10810810810810811,0,0,0,0,0,0,0,0,0.2,0,0.14285714285714285,0.1,0,0,0,0,0,0
"2017-03-16","GSW","ORL","28:07",1,1,0,0,1,0.047619047619047616,0,0,0.03125,0,0,0,0,0,0,0,0,0,0,0.16666666666666666,0,0,0,0,0,0,0
"2017-03-14","GSW","PHI","37:25",6,4,0,0,2,0.07692307692307693,2,0.2,0.1111111111111111,2,0,0,1,0.034482758620689655,1,0.07142857142857142,0.046511627906976744,0.08333333333333333,0.1,0,0.2222222222222222,0,0.06666666666666667,0,0,0.07692307692307693,0
"2017-03-10","GSW","MIN","35:18",6,3,0,0,2,0.06896551724137931,1,0.16666666666666666,0.08571428571428572,3,0,0,1,0.05,2,0.15384615384615385,0.09090909090909091,0,0.1111111111111111,0.1111111111111111,0.3333333333333333,0,0,0.25,0,0.18181818181818182,0
"2017-03-08","GSW","BOS","35:20",5,2,0,0,1,0.047619047619047616,1,0.07142857142857142,0.05714285714285714,3,0,0,2,0.1111111111111111,1,0.05555555555555555,0.08333333333333333,0,0.125,0,0.07692307692307693,0,0.14285714285714285,0,0.14285714285714285,0.06666666666666667,0
"2017-03-06","GSW","ATL","34:31",4,3,0,0,3,0.15789473684210525,0,0,0.10714285714285714,1,0,0,1,0.08333333333333333,0,0,0.030303030303030304,0.125,0.2857142857142857,0,0,0,0,0,0.25,0,0
"2017-03-05","GSW","NYK","36:51",8,6,0,0,2,0.07692307692307693,4,0.36363636363636365,0.16216216216216217,2,0,0,1,0.05555555555555555,1,0.07142857142857142,0.0625,0,0.09090909090909091,0.2,0.2222222222222222,1,0.09090909090909091,0,0,0,0.16666666666666666
"2017-03-02","GSW","CHI","35:28",6,5,0,0,4,0.16666666666666666,1,0.16666666666666666,0.16666666666666666,1,0,0,1,0.043478260869565216,0,0,0.025,0,0.2222222222222222,0.18181818181818182,0.3333333333333333,0,0,0.5,0,0,0
"2017-02-28","GSW","WAS","34:14",7,3,0,0,2,0.09523809523809523,1,0.1,0.0967741935483871,4,0,0,3,0.16666666666666666,1,0.06666666666666667,0.12121212121212122,0.08333333333333333,0,0.2,0.125,0,0.25,0,0.2,0.09090909090909091,0
"2017-02-27","GSW","PHI","34:48",4,2,0,0,2,0.14285714285714285,0,0,0.0625,2,0,0,0,0,2,0.1,0.05128205128205128,0.2222222222222222,0,0,0,0,0,0,0,0,0.5
"2017-02-25","GSW","BKN","34:55",5,4,0,0,0,0,4,0.26666666666666666,0.10526315789473684,1,0,0,0,0,1,0.06666666666666667,0.023255813953488372,0,0,0,0.36363636363636365,0,0,0,0,0.07142857142857142,0
"2017-02-23","GSW","LAC","32:11",7,6,1,0.14285714285714285,3,0.12,2,0.15384615384615385,0.13157894736842105,1,0,0,1,0.08333333333333333,0,0,0.045454545454545456,0.14285714285714285,0.1111111111111111,0.1111111111111111,0.16666666666666666,0,0,0.2,0,0,0
"2017-02-15","GSW","SAC","30:03",6,6,0,0,1,0.043478260869565216,5,0.38461538461538464,0.16666666666666666,0,0,0,0,0,0,0,0,0,0,0.14285714285714285,0.4,0.3333333333333333,0,0,0,0,0
"2017-02-13","GSW","DEN","26:42",2,1,0,0,1,0.0625,0,0,0.037037037037037035,1,0,0,0,0,1,0.0625,0.037037037037037035,0,0,0.5,0,0,0,0,0,0.08333333333333333,0
"2017-02-11","GSW","OKC","33:54",8,5,0,0,2,0.125,3,0.2,0.16129032258064516,3,0,0,3,0.17647058823529413,0,0,0.10714285714285714,0.4,0,0,0.3,0,0,0.3333333333333333,0.25,0,0
"2017-02-10","GSW","MEM","34:52",4,4,0,0,2,0.08333333333333333,2,0.2,0.11764705882352941,0,0,0,0,0,0,0,0,0.1111111111111111,0,0.2,0.2,0,0,0,0,0,0
"2017-02-08","GSW","CHI","28:12",1,1,0,0,1,0.041666666666666664,0,0,0.02857142857142857,0,0,0,0,0,0,0,0,0,0,0.125,0,0,0,0,0,0,0
"2017-02-04","GSW","SAC","41:45",4,4,0,0,1,0.045454545454545456,3,0.2,0.10810810810810811,0,0,0,0,0,0,0,0,0.14285714285714285,0,0,0.2,0.2,0,0,0,0,0
"2017-02-02","GSW","LAC","37:26",3,2,0,0,2,0.1111111111111111,0,0,0.07142857142857142,1,0,0,0,0,1,0.05555555555555555,0.02702702702702703,0,0,0.5,0,0,0,0,0,0.07692307692307693,0
"2017-02-01","GSW","CHA","30:16",5,4,0,0,1,0.05555555555555555,3,0.21428571428571427,0.125,1,0,0,0,0,1,0.06666666666666667,0.03571428571428571,0.14285714285714285,0,0,0.23076923076923078,0,0,0,0,0.07692307692307693,0
"2017-01-28","GSW","LAC","28:57",9,9,0,0,4,0.19047619047619047,5,0.4166666666666667,0.2727272727272727,0,0,0,0,0,0,0,0,0.375,0,0.09090909090909091,0.375,0.5,0,0,0,0,0
"2017-01-25","GSW","CHA","36:16",2,2,0,0,1,0.03571428571428571,1,0.1,0.05263157894736842,0,0,0,0,0,0,0,0,0.07142857142857142,0,0,0.1111111111111111,0,0,0,0,0,0
"2017-01-23","GSW","MIA","36:31",9,9,0,0,8,0.32,1,0.1,0.2571428571428571,0,0,0,0,0,0,0,0,0.2857142857142857,0.2222222222222222,0.4444444444444444,0,1,0,0,0,0,0
"2017-01-22","GSW","ORL","29:33",4,3,0,0,1,0.047619047619047616,2,0.16666666666666666,0.09090909090909091,1,0,0,0,0,1,0.07142857142857142,0.038461538461538464,0,0,0.14285714285714285,0.125,0.25,0,0,0,0,0.3333333333333333
"2017-01-20","GSW","HOU","32:57",1,1,0,0,0,0,1,0.047619047619047616,0.03225806451612903,0,0,0,0,0,0,0,0,0,0,0,0.06666666666666667,0,0,0,0,0,0
"2017-01-18","GSW","OKC","34:11",4,4,0,0,3,0.13043478260869565,1,0.06666666666666667,0.10526315789473684,0,0,0,0,0,0,0,0,0,0.16666666666666666,0.25,0.07142857142857142,0,0,0,0,0,0
"2017-01-16","GSW","CLE","30:55",2,2,0,0,1,0.05,1,0.0625,0.05555555555555555,0,0,0,0,0,0,0,0,0.14285714285714285,0,0,0,0.2,0,0,0,0,0
"2017-01-12","GSW","DET","29:51",2,2,0,0,1,0.07692307692307693,1,0.08333333333333333,0.08,0,0,0,0,0,0,0,0,0,0.16666666666666666,0,0.1,0,0,0,0,0,0
"2017-01-10","GSW","MIA","35:43",8,7,0,0,3,0.13636363636363635,4,0.21052631578947367,0.17073170731707318,1,0,0,1,0.047619047619047616,0,0,0.02857142857142857,0,0.2,0.16666666666666666,0.23076923076923078,0.16666666666666666,0.1,0,0,0,0
"2017-01-08","GSW","SAC","37:06",4,2,0,0,2,0.1111111111111111,0,0,0.07142857142857142,2,0,0,2,0.10526315789473684,0,0,0.05555555555555555,0,0.3333333333333333,0,0,0,0.16666666666666666,0,0.1111111111111111,0,0
"2017-01-06","GSW","MEM","42:13",3,3,1,0.5,0,0,2,0.11764705882352941,0.047619047619047616,0,0,0,0,0,0,0,0,0,0,0,0.15384615384615385,0,0,0,0,0,0
"2017-01-04","GSW","POR","35:55",7,6,0,0,2,0.09523809523809523,4,0.4,0.1935483870967742,1,0,0,0,0,1,0.058823529411764705,0.03333333333333333,0,0.2,0.25,0.4,0,0,0,0,0.07692307692307693,0
"2017-01-02","GSW","DEN","35:03",3,3,0,0,1,0.04,2,0.10526315789473684,0.06818181818181818,0,0,0,0,0,0,0,0,0,0.08333333333333333,0,0.14285714285714285,0,0,0,0,0,0
"2016-12-30","GSW","DAL","30:09",4,4,0,0,2,0.1111111111111111,2,0.15384615384615385,0.12903225806451613,0,0,0,0,0,0,0,0,0,0.125,0.16666666666666666,0.09090909090909091,0.5,0,0,0,0,0
"2016-12-28","GSW","TOR","36:19",7,6,0,0,5,0.14705882352941177,1,0.07142857142857142,0.125,1,0,0,0,0,1,0.125,0.037037037037037035,0.09090909090909091,0.09090909090909091,0.25,0.09090909090909091,0,0,0,0,0.125,0
"2016-12-25","GSW","CLE","37:20",3,3,0,0,2,0.06666666666666667,1,0.06666666666666667,0.06666666666666667,0,0,0,0,0,0,0,0,0.06666666666666667,0,0.14285714285714285,0.09090909090909091,0,0,0,0,0,0
"2016-12-23","GSW","DET","35:00",3,3,0,0,2,0.15384615384615385,1,0.07692307692307693,0.11538461538461539,0,0,0,0,0,0,0,0,0,0,0.4,0.08333333333333333,0,0,0,0,0,0
"2016-12-22","GSW","BKN","32:58",2,2,0,0,1,0.06666666666666667,1,0.058823529411764705,0.0625,0,0,0,0,0,0,0,0,0,0,0.5,0.0625,0,0,0,0,0,0
"2016-12-20","GSW","UTA","30:13",3,3,0,0,1,0.0625,2,0.14285714285714285,0.1,0,0,0,0,0,0,0,0,0,0,0.14285714285714285,0.16666666666666666,0,0,0,0,0,0
"2016-12-17","GSW","POR","27:14",3,3,0,0,1,0.05555555555555555,2,0.18181818181818182,0.10344827586206896,0,0,0,0,0,0,0,0,0,0.125,0,0.2,0,0,0,0,0,0
"2016-12-15","GSW","NYK","33:50",10,9,0,0,7,0.2413793103448276,2,0.18181818181818182,0.225,1,0,0,1,0.047619047619047616,0,0,0.02631578947368421,0.2857142857142857,0.2857142857142857,0.125,0.2222222222222222,0,0.1,0,0,0,0
"2016-12-13","GSW","NOP","34:07",4,2,0,0,1,0.0625,1,0.08333333333333333,0.07142857142857142,2,0,0,0,0,2,0.16666666666666666,0.05405405405405406,0.1111111111111111,0,0,0.09090909090909091,0,0,0,0,0.25,0
"2016-12-11","GSW","MIN","31:35",4,3,0,0,2,0.11764705882352941,1,0.1,0.1111111111111111,1,0,0,1,0.058823529411764705,0,0,0.03571428571428571,0.14285714285714285,0.25,0,0.25,0,0,0,0.14285714285714285,0,0
"2016-12-10","GSW","MEM","30:35",8,6,0,0,1,0.05263157894736842,5,0.45454545454545453,0.2,2,0,0,2,0.09523809523809523,0,0,0.06060606060606061,0,0,0.2,0.4444444444444444,0.5,0.08333333333333333,0.125,0,0,0
"2016-12-08","GSW","UTA","35:34",5,5,0,0,1,0.08333333333333333,4,0.18181818181818182,0.14705882352941177,0,0,0,0,0,0,0,0,0,0,0.3333333333333333,0.2,0.14285714285714285,0,0,0,0,0
"2016-12-07","GSW","LAC","33:17",4,4,0,0,2,0.08333333333333333,2,0.14285714285714285,0.10526315789473684,0,0,0,0,0,0,0,0,0,0,0.15384615384615385,0.1111111111111111,0.2,0,0,0,0,0
"2016-12-05","GSW","IND","29:10",4,4,0,0,3,0.14285714285714285,1,0.16666666666666666,0.14814814814814814,0,0,0,0,0,0,0,0,0.5,0,0.14285714285714285,0.25,0,0,0,0,0,0
"2016-12-03","GSW","PHX","29:51",2,2,0,0,0,0,2,0.14285714285714285,0.06666666666666667,0,0,0,0,0,0,0,0,0,0,0,0.125,0.16666666666666666,0,0,0,0,0
"2016-12-01","GSW","HOU","38:23",3,2,0,0,1,0.0625,1,0.05263157894736842,0.05714285714285714,1,0,0,0,0,1,0.05,0.02564102564102564,0.125,0,0,0.07142857142857142,0,0,0,0,0,0.2
"2016-11-28","GSW","ATL","38:14",3,3,0,0,1,0.043478260869565216,2,0.1111111111111111,0.07317073170731707,0,0,0,0,0,0,0,0,0,0.1111111111111111,0,0.13333333333333333,0,0,0,0,0,0
"2016-11-26","GSW","MIN","37:09",8,7,0,0,3,0.15,4,0.23529411764705882,0.1891891891891892,1,0,0,1,0.07692307692307693,0,0,0.047619047619047616,0,0.375,0,0.21428571428571427,0.3333333333333333,0.25,0,0,0,0
"2016-11-25","GSW","LAL","35:36",5,3,0,0,3,0.09375,0,0,0.06818181818181818,2,0,0,1,0.058823529411764705,1,0.08333333333333333,0.06896551724137931,0.18181818181818182,0.0625,0,0,0,0,0.2,0,0.09090909090909091,0
"2016-11-23","GSW","LAL","28:44",5,5,0,0,3,0.1111111111111111,2,0.3333333333333333,0.15151515151515152,0,0,0,0,0,0,0,0,0.09090909090909091,0.08333333333333333,0.25,0.25,0.5,0,0,0,0,0
"2016-11-21","GSW","IND","29:30",6,4,0,0,3,0.11538461538461539,1,0.1111111111111111,0.11428571428571428,2,0,0,1,0.08333333333333333,1,0.058823529411764705,0.06896551724137931,0,0.14285714285714285,0.15384615384615385,0,0.5,0,0,0.25,0.07692307692307693,0
"2016-11-19","GSW","MIL","34:42",5,5,0,0,3,0.13636363636363635,2,0.3333333333333333,0.17857142857142858,0,0,0,0,0,0,0,0,0.1111111111111111,0.18181818181818182,0,0.3333333333333333,0,0,0,0,0,0
"2016-11-18","GSW","BOS","36:18",3,3,0,0,1,0.043478260869565216,2,0.1111111111111111,0.07317073170731707,0,0,0,0,0,0,0,0,0.1,0,0,0.15384615384615385,0,0,0,0,0,0
"2016-11-16","GSW","TOR","37:22",3,1,0,0,1,0.045454545454545456,0,0,0.029411764705882353,2,0,0,2,0.11764705882352941,0,0,0.05555555555555555,0.16666666666666666,0,0,0,0,0.2857142857142857,0,0,0,0
"2016-11-13","GSW","PHX","36:47",6,6,0,0,3,0.14285714285714285,3,0.23076923076923078,0.17647058823529413,0,0,0,0,0,0,0,0,0.125,0.25,0,0.25,0,0,0,0,0,0
"2016-11-10","GSW","DEN","29:56",5,4,0,0,2,0.08695652173913043,2,0.15384615384615385,0.1111111111111111,1,0,0,1,0.06666666666666667,0,0,0.04,0,0.14285714285714285,0.14285714285714285,0.15384615384615385,0,0.2,0,0,0,0
"2016-11-09","GSW","DAL","30:50",3,3,0,0,2,0.1111111111111111,1,0.08333333333333333,0.1,0,0,0,0,0,0,0,0,0,0.1,0.2,0.09090909090909091,0,0,0,0,0,0
"2016-11-07","GSW","NOP","35:39",5,2,0,0,1,0.045454545454545456,1,0.08333333333333333,0.058823529411764705,3,0,0,1,0.05,2,0.16666666666666666,0.09375,0,0.16666666666666666,0,0.1111111111111111,0,0.25,0,0,0.25,0
"2016-11-04","GSW","LAL","31:06",8,8,0,0,4,0.26666666666666666,4,0.25,0.25806451612903225,0,0,0,0,0,0,0,0,0.3333333333333333,0.25,0.25,0.23076923076923078,0.3333333333333333,0,0,0,0,0
"2016-11-03","GSW","OKC","30:03",1,1,1,0.25,0,0,0,0,0,0,0,0,0,0,0,0,0,0,0,0,0,0,0,0,0,0,0
"2016-11-01","GSW","POR","29:29",4,3,0,0,1,0.05263157894736842,2,0.1111111111111111,0.08108108108108109,1,0,0,0,0,1,0.09090909090909091,0.037037037037037035,0,0,0.2,0.14285714285714285,0,0,0,0,0.1111111111111111,0
"2016-10-30","GSW","PHX","34:13",1,1,0,0,0,0,1,0.14285714285714285,0.02857142857142857,0,0,0,0,0,0,0,0,0,0,0,0.16666666666666666,0,0,0,0,0,0
"2016-10-28","GSW","NOP","34:04",1,0,0,0,0,0,0,0,0,1,0,0,0,0,1,0.0625,0.02857142857142857,0,0,0,0,0,0,0,0,0,0.2
"2016-10-25","GSW","SAS","34:06",3,3,0,0,3,0.11538461538461539,0,0,0.09375,0,0,0,0,0,0,0,0,0,0.1,0.2,0,0,0,0,0,0,0